user,timestamp,comx,comy,comz,headx,heady,headz,neckx,necky,neckz,leftshoulderx,leftshouldery,leftshoulderz,leftelbowx,leftelbowy,leftelbowz,lefthandx,lefthandy,lefthandz,rightshoulderx,rightshouldery,rightshoulderz,rightelbowx,rightelbowy,rightelbowz,righthandx,righthandy,righthandz,torsox,torsoy,torsoz,lefthipx,lefthipy,lefthipz,leftkneex,leftkneey,leftkneez,leftfootx,leftfooty,leftfootz,righthipx,righthipy,righthipz,rightkneex,rightkneey,rightkneez,rightfootx,rightfooty,rightfootz
1,17209,15.20868,-102.58028,1397.5227,26.718828,276.92108,1362.8494,11.597114,72.349846,1387.2668,-97.95096,70.44943,1393.4503,-157.10556,-128.02779,1401.1775,-222.11894,-364.14368,1361.9161,121.14519,74.25026,1381.0834,177.19556,-94.014084,1451.5021,224.94154,-399.06525,1398.7896,15.206626,-102.562965,1397.4567,-57.831535,-278.80545,1411.9729,-43.192024,-606.548,1456.7213,-61.41845,-924.392,1458.6765,95.46381,-276.14612,1403.3201,106.08233,-606.1955,1379.1013,104.52655,-918.22784,1442.3014
1,17250,17.291405,-106.52445,1407.97,31.755383,277.14606,1386.4902,14.428983,69.451385,1400.3065,-97.29515,67.92392,1406.8817,-160.23735,-133.55043,1423.0509,-277.0033,-413.5456,1340.9161,126.15311,70.97885,1393.7313,176.25162,-118.79047,1462.2643,236.79416,-411.36035,1394.4999,17.28326,-106.50899,1407.9288,-56.525448,-283.5175,1420.0629,-46.764503,-612.9752,1459.934,-62.628937,-931.6358,1470.667,96.80052,-281.42123,1411.0394,107.11282,-612.3631,1386.5743,106.553345,-922.7737,1461.1155
1,17287,21.481228,-115.30351,1426.0873,34.520035,275.89017,1399.4854,18.502861,61.224785,1419.9027,-96.3403,59.788437,1434.0767,-165.13364,-140.51077,1449.6747,-290.7242,-416.2296,1375.093,133.34602,62.661133,1405.7288,180.29335,-130.0862,1457.7753,241.4715,-425.45062,1378.5222,21.46483,-115.26916,1426.0164,-50.184906,-292.6963,1441.3385,-52.75192,-625.6572,1451.9829,-66.567955,-945.1522,1470.4761,99.0385,-290.82993,1422.9215,109.005394,-623.1575,1401.8995,108.96169,-932.8402,1483.793
1,17328,29.707386,-117.95296,1442.1741,49.82026,270.20294,1434.3783,28.662178,61.705307,1439.3379,-81.796425,61.43084,1461.9082,-161.37698,-145.61255,1485.2848,-296.123,-425.32263,1408.5057,139.12077,61.979774,1416.7676,192.16283,-130.87607,1456.4497,252.81897,-426.60126,1372.866,29.675188,-117.94246,1442.111,-42.838333,-297.77292,1459.9078,-50.830845,-565.26196,1462.9115,-60.642025,-885.17163,1495.7123,104.21472,-297.40753,1429.8602,108.793236,-630.562,1404.8102,108.28457,-941.0331,1487.4253
1,17366,38.089363,-122.61412,1449.5686,59.89702,267.706,1452.794,39.852413,56.205353,1448.5507,-71.698784,57.462234,1473.2217,-152.5351,-150.51677,1504.6511,-284.9637,-433.02417,1415.128,151.40361,54.94847,1423.8796,207.2121,-138.72826,1450.0048,253.01791,-440.15393,1360.564,38.056496,-122.59589,1449.5394,-37.97752,-300.56067,1466.9469,-53.52882,-635.4535,1472.6844,-57.35688,-954.72485,1517.3739,110.49867,-302.23358,1434.1095,110.501686,-636.7616,1411.3284,109.1947,-945.82935,1503.0964
1,17410,46.969887,-127.10109,1458.1337,66.87584,266.09195,1462.4805,47.74028,51.26197,1453.6973,-65.00118,52.5009,1483.2639,-145.59744,-155.96498,1515.5472,-269.74835,-444.47363,1412.9882,160.48174,50.02304,1424.1306,223.29173,-149.52411,1452.56,251.77032,-446.4492,1351.6266,46.93507,-127.08349,1458.1001,-28.836557,-304.60513,1482.1631,-55.007805,-639.9564,1480.6805,-54.75166,-959.17737,1532.7311,121.096275,-306.25275,1442.8428,111.98536,-641.4877,1416.7252,110.650986,-949.8668,1514.2538
1,17450,58.337006,-130.307,1477.6611,76.12106,267.4835,1472.2007,59.569393,44.854523,1473.4541,-52.131443,46.620804,1513.8184,-135.40466,-159.28519,1520.0526,-247.58936,-449.1672,1406.7533,171.27023,43.08824,1433.0898,240.31952,-154.78854,1468.0332,249.06006,-444.32874,1349.4507,58.292465,-130.2944,1477.5847,-18.979435,-304.24164,1509.1769,-53.75268,-639.8989,1492.9478,-50.320362,-959.713,1549.8206,133.01051,-306.64502,1454.2538,131.5487,-644.37537,1445.6252,110.792244,-958.5558,1525.5452
1,17487,65.87067,-128.76538,1487.7395,86.072075,267.85114,1480.0406,66.96016,44.18756,1480.4911,-45.667797,46.66279,1522.3947,-125.58934,-162.514,1522.9266,-220.68802,-454.0958,1392.5435,179.58812,41.71234,1438.5875,251.13306,-157.25456,1478.2742,248.54102,-436.8683,1354.1877,65.841064,-128.77133,1487.6998,-12.080151,-300.04236,1523.483,-50.761116,-636.5143,1506.9304,-45.366585,-957.1279,1565.9778,141.5241,-303.4181,1466.3341,134.47101,-642.21765,1454.1411,110.33995,-957.9745,1531.7561
1,17526,72.096886,-128.28763,1495.5107,95.64288,267.90613,1487.687,71.33652,43.118134,1480.7507,-42.351585,45.96685,1519.5815,-118.300804,-162.45233,1522.4437,-191.50394,-462.72714,1374.9963,185.02463,40.269424,1441.9199,258.39447,-158.01556,1489.2087,248.9924,-440.51877,1359.1592,72.07245,-128.28952,1495.4802,-3.5937514,-297.78275,1536.3053,-41.51992,-635.63495,1547.1705,-40.819798,-960.58136,1584.3318,149.21051,-301.6116,1484.1141,134.75842,-640.4943,1458.6156,110.926094,-956.5133,1539.4594
1,17566,81.493385,-127.00787,1509.6969,102.08609,267.4375,1489.5211,82.33751,45.385834,1494.0479,-38.2443,48.13571,1517.6377,-104.497284,-161.55177,1522.3778,-138.087,-451.07367,1355.5996,202.91933,42.635956,1470.458,260.98688,-163.70805,1495.7074,256.48865,-442.81494,1384.4373,81.45658,-127.01288,1509.6415,2.685691,-297.6353,1540.473,-34.9248,-636.17957,1562.5385,-30.031261,-962.61707,1596.2731,158.4656,-301.18787,1509.9972,162.47829,-642.4816,1514.0106,115.95819,-964.6442,1556.0891
1,17609,86.280014,-124.72018,1517.4012,106.0655,267.03958,1491.0693,88.711205,48.074272,1501.2716,-33.024895,51.41964,1518.6532,-96.78,-157.13605,1524.9718,-111.35941,-437.73065,1346.3783,210.44731,44.728912,1483.89,262.86496,-144.43045,1527.6692,260.54715,-443.3119,1407.525,86.26117,-124.72913,1517.371,6.1062613,-295.39716,1544.5651,-14.316667,-633.3425,1594.5828,-23.640856,-962.02893,1607.5366,161.51599,-299.6679,1522.3756,171.48383,-641.3323,1539.465,122.530365,-965.28394,1570.2614
1,17650,89.209366,-122.86322,1521.9639,109.19607,267.2411,1492.753,92.6542,50.551292,1506.3898,-29.436546,54.210716,1520.0587,-91.59414,-154.31079,1526.3146,-90.91028,-422.6691,1340.5441,214.74495,46.89187,1492.7208,262.1976,-140.16983,1548.0198,267.51062,-441.5072,1435.5963,89.19785,-122.87051,1521.9459,8.84397,-293.98746,1546.1113,3.984033,-634.14453,1589.2991,-18.67717,-962.03577,1615.7117,162.63905,-298.59717,1528.8928,173.67381,-640.69714,1549.9042,127.48175,-965.3939,1583.9933
1,17688,90.127144,-121.43789,1524.237,110.81897,268.06854,1494.3706,93.872765,52.67575,1508.811,-27.563805,56.40361,1521.3812,-88.221664,-152.24356,1528.5609,-76.04332,-420.243,1337.2317,215.30934,48.94789,1496.2408,259.86176,-141.30048,1565.9597,270.39426,-448.47873,1461.513,90.12351,-121.44348,1524.2281,10.467712,-293.23254,1547.5026,10.885413,-637.5904,1555.9518,-12.213033,-961.3517,1621.886,162.2808,-297.89288,1531.788,173.53737,-641.2615,1556.7924,132.06116,-967.4353,1596.699
1,17726,90.95496,-120.5524,1527.7427,109.94234,268.0732,1493.8259,93.68132,53.247612,1510.7352,-26.89709,56.295998,1522.5448,-84.57998,-152.96735,1525.4984,-53.531334,-429.82498,1329.9894,214.25974,50.199226,1498.9257,255.47694,-139.81845,1577.8788,275.9307,-416.36572,1533.3578,90.95171,-120.555885,1527.729,14.019818,-292.48346,1551.9902,-1.1878424,-589.3528,1602.556,-7.885089,-924.1621,1631.1614,162.42438,-296.23532,1537.4553,166.25839,-610.1948,1559.36,136.71324,-921.6149,1607.7833
1,17768,90.52349,-120.709656,1531.1643,108.860794,267.61163,1493.8154,92.714836,52.960693,1512.6941,-27.022873,55.679993,1524.076,-80.710815,-156.14304,1503.4609,-49.16169,-437.50452,1329.327,212.45255,50.241394,1501.3121,251.69524,-139.84103,1585.5732,275.04346,-438.47427,1544.6296,90.52516,-120.709045,1531.1509,15.440964,-292.72333,1556.5369,-0.68237305,-593.0999,1601.3538,-3.841427,-925.33215,1641.6229,161.23001,-296.03424,1542.6785,155.74022,-641.3184,1564.7834,137.81941,-968.3843,1623.2051
1,17808,84.286476,-131.30168,1540.791,107.46563,265.80524,1494.2471,87.82962,45.315903,1517.3309,-28.742306,48.431076,1523.3027,-79.14527,-166.82846,1492.8326,-52.3841,-446.6733,1332.0178,204.40154,42.20073,1511.3591,243.25598,-160.3502,1601.0269,275.70102,-477.86646,1553.4572,84.310844,-131.26031,1540.7533,13.324969,-306.0336,1567.632,8.147387,-644.59784,1642.6249,0.8734479,-977.32153,1663.7053,148.25919,-309.63947,1560.7194,145.7714,-655.79926,1581.7825,140.22194,-985.74084,1629.8457
1,17852,79.93584,-138.7776,1542.4551,99.75282,247.53214,1494.412,84.37358,40.051132,1517.1865,-30.075092,43.687424,1522.8958,-79.083405,-172.43579,1485.8606,-60.354973,-439.8225,1337.7914,198.82225,36.41484,1511.4773,236.1159,-170.05603,1605.6661,271.24744,-491.35022,1576.2417,79.95293,-138.74826,1542.4486,5.8206053,-315.33276,1571.1882,20.765232,-659.3655,1616.8723,8.729826,-989.64954,1665.1714,145.24394,-319.76254,1564.2332,142.45183,-666.0728,1591.2571,142.80751,-996.92395,1637.1115
1,17887,75.48568,-152.34488,1540.8809,93.46582,227.1382,1491.308,79.539055,24.897263,1514.9087,-33.346542,27.19043,1513.012,-78.58484,-176.53702,1476.1056,-63.823875,-451.9634,1340.5896,192.42467,22.604095,1516.8054,222.96095,-181.15936,1612.2349,257.5835,-481.3375,1608.6171,75.50313,-152.29175,1540.887,2.780447,-328.08545,1565.7112,23.844788,-672.35864,1608.9253,13.074541,-1000.0963,1673.6628,140.15395,-330.87607,1568.0193,153.58557,-677.48193,1590.804,145.77734,-1007.74963,1641.6097
1,17927,73.98578,-170.54951,1540.9557,86.56189,205.38701,1485.0934,77.64268,4.9427795,1515.2014,-31.766045,5.5595856,1503.8927,-77.35785,-196.94492,1463.9711,-65.08316,-469.91806,1351.5754,187.05139,4.3259735,1526.5101,218.77744,-187.13684,1613.938,242.06587,-468.9652,1627.7963,73.99171,-170.47818,1540.9556,2.234932,-345.5152,1559.6702,24.377602,-689.5443,1599.599,17.505991,-1013.9871,1677.3407,138.44653,-346.28308,1573.7493,168.56107,-691.0927,1599.0485,149.29645,-1020.35474,1649.7386
1,17969,90.862366,-202.20575,1546.3726,76.88043,166.41742,1469.0651,85.15791,-26.75763,1505.5376,-22.708015,-34.55426,1486.9476,-56.79384,-249.52846,1459.5537,-50.025692,-507.04077,1365.8934,193.02383,-18.960999,1524.1276,216.26537,-179.42116,1736.1157,177.26909,-227.24944,1481.6053,90.79646,-202.08182,1546.3514,27.3713,-382.39798,1575.2626,35.734825,-726.1496,1621.4136,15.198408,-1047.4033,1708.9264,165.49872,-372.41403,1599.068,205.60922,-716.3148,1621.1682,136.63788,-1042.1385,1640.3024
1,18006,94.70058,-221.51147,1550.7296,73.08375,140.32617,1458.2427,83.15863,-50.85405,1508.2776,-26.961369,-62.20482,1492.5614,-48.957043,-270.2735,1452.1155,-41.042965,-522.6606,1368.3516,193.27864,-39.50328,1523.9938,215.87689,-174.91145,1742.0593,198.99725,-218.0094,1490.1938,94.685326,-221.43558,1550.7124,35.001774,-399.35718,1582.9841,29.485195,-742.88245,1628.2524,13.281296,-1062.3042,1721.7219,177.42226,-384.677,1603.3103,207.77342,-729.761,1612.5393,155.85861,-1057.4489,1643.4393
1,18049,96.44186,-236.4201,1549.52,73.09711,116.9872,1454.306,82.39825,-71.86195,1509.4956,-27.265816,-83.9586,1498.2396,-44.38377,-281.68182,1449.8821,-38.44956,-529.35895,1383.2545,192.0623,-59.765305,1520.7516,215.34673,-183.51175,1718.8246,165.33145,-241.19228,1483.5526,96.435,-236.36159,1549.5247,40.90309,-408.5351,1582.4131,30.919012,-750.49927,1624.4028,15.677965,-1067.2672,1720.6588,180.04042,-393.18735,1596.6943,206.36864,-736.4336,1613.7588,157.83797,-1061.2089,1658.539
1,18086,96.17229,-253.89282,1549.888,74.73294,104.81351,1455.2152,85.51288,-89.95659,1513.2336,-24.29553,-99.74028,1501.4303,-41.67753,-283.31534,1451.3137,-40.978725,-525.68134,1391.7543,195.32129,-80.1729,1525.037,215.8488,-280.81705,1641.8353,170.23013,-162.74037,1496.9099,96.17332,-253.82434,1549.8865,39.527992,-423.6889,1579.3046,35.388023,-764.7044,1617.5157,20.851803,-1078.7186,1717.8534,174.13951,-411.6953,1593.774,212.13815,-752.0931,1615.0881,167.91382,-1074.4386,1670.0559
1,18126,93.167366,-256.48438,1548.5557,86.24559,112.886795,1480.2869,87.28923,-92.838974,1518.116,-22.638195,-99.09236,1505.772,-42.578217,-281.31552,1450.35,-38.661205,-519.3537,1400.0417,197.21666,-86.5856,1530.46,222.34802,-258.97873,1661.6328,249.006,-478.00787,1635.6819,93.17911,-256.474,1548.5609,41.536304,-423.38184,1572.5454,25.833105,-762.18164,1618.0511,24.195442,-1077.6826,1711.4558,156.60167,-416.83618,1585.4663,214.625,-752.6493,1616.5393,180.47769,-1073.697,1680.0244
1,18169,87.086754,-249.88017,1550.1392,93.937256,120.81053,1492.0543,88.45661,-86.19583,1517.137,-18.979485,-88.43428,1501.6481,-46.794804,-270.80493,1447.3748,-34.790623,-498.80078,1396.5131,195.8927,-83.95738,1532.6259,225.19333,-226.10118,1678.1116,244.24861,-473.95386,1631.4553,87.11055,-249.90591,1550.1329,34.109734,-414.69223,1575.6819,24.66074,-752.78125,1623.9653,28.922071,-1070.063,1709.0106,137.41925,-412.53976,1590.5759,208.5765,-746.0438,1611.4662,180.08968,-1065.2106,1683.8518
1,18206,83.60205,-240.21396,1555.9651,106.80531,146.6788,1505.3715,88.67417,-77.734665,1522.3694,-19.204576,-77.834366,1505.6326,-76.776855,-246.28934,1467.8705,-12.529434,-494.8316,1396.3333,196.55292,-77.634964,1539.1062,226.67496,-216.3441,1675.9517,255.49783,-462.8028,1609.2383,83.615746,-240.25182,1555.9423,27.508207,-402.81616,1581.5952,20.050962,-741.67505,1619.1399,26.802681,-1059.9109,1697.8647,129.60643,-402.7218,1597.435,202.96313,-735.277,1615.2234,176.49533,-1051.456,1697.9724
1,18246,80.30374,-215.20053,1563.1877,114.74005,167.7095,1528.6135,88.99505,-53.99597,1529.4153,-23.974817,-49.25003,1523.0479,-94.003784,-234.04587,1488.8734,-16.197914,-457.86575,1402.7429,201.9649,-58.741913,1535.7827,230.2185,-205.24568,1661.5553,258.07928,-445.66724,1578.8204,80.31668,-215.29839,1563.1593,12.726477,-374.12585,1593.5828,15.852351,-714.35376,1610.1245,27.947714,-1034.0153,1680.5114,130.55016,-379.07574,1600.2239,194.55632,-712.84424,1623.4675,174.8901,-1028.6968,1707.9335
1,18287,76.302,-184.36331,1573.1494,129.95584,193.7313,1552.3873,83.59634,-18.987122,1540.7914,-31.784193,-12.730347,1546.8455,-109.57989,-196.24384,1512.6326,-23.455917,-412.9627,1404.7007,198.97687,-25.243896,1534.7373,234.90807,-194.33586,1640.746,253.53656,-426.90396,1552.6107,76.31769,-184.48415,1573.1104,5.74605,-346.54895,1608.7504,7.906176,-686.9336,1613.4213,22.477476,-1007.0224,1680.324,132.33202,-353.4134,1602.1083,192.27965,-687.5901,1627.0172,173.46478,-1002.79047,1713.2721
1,18326,70.49693,-152.63739,1577.2468,141.02948,221.68929,1574.9766,73.93683,20.575714,1545.2528,-41.965458,25.220535,1558.0449,-127.43729,-168.5369,1530.3287,-31.6184,-364.16476,1398.8745,189.83913,15.930893,1532.4607,241.64328,-151.93501,1638.2128,253.19159,-416.45612,1526.1995,70.51967,-152.7618,1577.2307,1.5443082,-323.47205,1616.4442,-27.661276,-625.60803,1669.82,15.912634,-923.5596,1648.8562,132.6607,-328.72656,1601.973,189.88106,-680.2025,1631.5253,175.75856,-980.70966,1717.1758
1,18366,61.223793,-103.19643,1607.471,143.01404,250.70038,1600.7338,63.78198,74.672966,1602.8293,-52.620228,76.3051,1602.1818,-165.79533,-78.36867,1603.8291,-59.515762,-228.3472,1411.7633,180.18419,73.04083,1603.4769,236.93019,-130.8044,1600.2358,238.65718,-412.5011,1472.6349,61.260105,-103.39004,1607.3529,-9.038647,-280.50272,1611.4994,-26.999481,-619.98645,1635.7756,3.7677612,-946.03253,1647.8116,126.515114,-282.40338,1612.2535,130.35172,-568.17456,1627.4393,174.91133,-971.38794,1730.4467
1,18409,58.599472,-92.88634,1605.0199,150.55768,259.76566,1617.3035,62.474693,85.16122,1601.9432,-55.1027,87.95393,1615.857,-169.03891,-72.89252,1601.4214,-63.971954,-185.48303,1408.4913,180.0521,82.3685,1588.0294,230.62137,-117.5372,1596.4731,225.0425,-478.03204,1418.5942,58.609863,-92.92736,1605.0289,-11.288673,-269.4475,1615.929,-30.806831,-609.5521,1637.0243,-0.9847412,-935.74084,1657.5101,120.77874,-272.58438,1600.3003,129.97824,-613.3367,1617.6315,161.6213,-928.7036,1702.7814
1,18450,55.994713,-86.835144,1602.0437,165.37349,260.56323,1636.3958,62.196907,90.34074,1598.8705,-54.142372,94.80202,1620.9023,-175.4787,-48.309982,1620.4417,-71.334625,-139.77417,1420.0826,178.5362,85.879456,1576.8386,230.47375,-117.39073,1597.901,210.7773,-455.3924,1401.2448,56.00493,-86.85894,1602.0553,-17.471277,-261.47845,1617.9822,-28.219162,-571.6242,1641.0392,-2.2699108,-919.7407,1667.9991,117.097176,-266.63876,1592.498,122.66205,-607.81323,1611.7256,154.93169,-923.6166,1696.671
1,18487,54.46935,-81.23362,1602.6887,177.14563,257.97748,1653.7112,62.575176,97.59961,1601.2627,-53.12649,103.08656,1632.316,-178.95937,-39.381943,1635.2201,-74.08968,-114.35172,1430.72,178.27686,92.112656,1570.2094,232.28674,-125.71802,1595.4409,196.61807,-449.74472,1375.5859,54.475346,-81.255585,1602.6863,-21.99458,-256.86844,1622.4598,-27.789984,-569.9043,1646.9299,-8.879206,-918.6609,1680.6306,114.74561,-263.35312,1585.7599,116.33292,-604.3347,1613.0677,147.3769,-921.7206,1693.6343
1,18526,51.188766,-87.85895,1606.0502,182.2475,256.55853,1662.3046,56.25081,85.26653,1604.8834,-52.57994,88.79039,1657.3042,-188.58879,-14.327858,1668.5464,-92.60557,-86.11826,1451.8685,165.08156,81.742676,1552.4626,237.25667,-126.47035,1602.3511,214.3636,-303.3128,1467.3651,51.201603,-87.83315,1606.037,-16.380287,-258.90808,1637.3108,-24.221846,-570.3452,1662.3179,-1.3502922,-919.53906,1713.2,108.685074,-262.95758,1577.0703,96.864334,-605.0722,1576.2037,135.76772,-916.20886,1676.3173
1,18570,53.58809,-90.68465,1608.5828,185.22147,255.22739,1667.7327,61.17729,80.812614,1609.3743,-47.09584,85.30755,1674.1411,-189.19688,-6.1964493,1677.4331,-89.97805,-99.921844,1453.4473,169.45042,76.31768,1544.6074,241.69904,-127.21343,1601.5592,173.71478,-420.5351,1358.9128,53.578766,-90.6735,1608.573,-13.072674,-259.70804,1643.096,-21.51664,-566.3385,1673.4409,1.04982,-915.22174,1730.9489,105.03316,-264.61118,1572.4475,94.40386,-606.94275,1577.887,125.58208,-922.41626,1667.25
1,18607,54.156296,-91.183464,1608.3545,186.64682,253.73157,1672.0066,62.35956,80.032616,1609.2125,-45.405212,84.8575,1677.0941,-187.45401,-5.362129,1685.0084,-83.75253,-112.36057,1455.5577,170.12433,75.20773,1541.3309,241.86543,-119.79663,1603.4124,181.84259,-372.62036,1400.7239,54.15404,-91.181465,1608.3555,-11.424444,-259.82684,1643.638,-20.798841,-564.2135,1679.5795,-0.254776,-913.64966,1740.5586,103.32149,-264.96426,1571.3589,94.61787,-607.64026,1578.6608,120.47621,-925.0403,1663.9576
1,18650,53.445984,-87.61929,1605.1282,187.7002,253.87903,1673.9607,60.934353,85.42917,1602.0131,-46.656223,91.15359,1661.2576,-179.07874,-8.399162,1692.4578,-75.62352,-123.131485,1459.8094,168.52493,79.70475,1542.7686,238.43808,-117.957085,1602.7467,161.64798,-432.55347,1359.4023,53.44875,-87.63321,1605.1407,-13.538236,-257.5298,1641.0327,-19.82207,-564.0757,1677.1322,-5.66208,-915.23193,1743.3639,105.46453,-263.8614,1575.5042,100.1169,-606.75696,1586.7777,120.04975,-926.23535,1666.6971
1,18691,55.013405,-83.78989,1599.9597,186.63193,254.94687,1670.0262,60.546665,88.03577,1589.2115,-43.042904,94.768845,1643.3704,-173.88634,-12.103867,1698.6711,-69.91949,-133.68033,1476.8021,164.13623,81.30269,1535.0527,236.18378,-116.57037,1598.6096,192.46007,-307.4124,1462.5939,55.007294,-83.8049,1599.9799,-9.643414,-251.80347,1641.6528,-19.874702,-567.2601,1673.6208,-15.697325,-916.8636,1741.7863,108.57926,-259.48767,1579.8435,105.36231,-577.1704,1594.669,125.96146,-945.0547,1689.738
1,18728,55.489857,-84.809296,1600.0574,186.93382,254.81538,1665.7957,60.993874,88.95853,1585.954,-43.963707,96.22485,1634.5063,-172.19409,-23.100517,1703.0878,-65.279,-152.90076,1471.4778,165.95146,81.6922,1537.4016,235.43228,-116.00101,1598.5862,143.1066,-427.6027,1361.9847,55.487972,-84.80539,1600.0571,-10.858158,-254.35727,1642.3044,-19.598228,-565.15515,1676.7885,-19.949644,-914.72156,1746.1898,110.822296,-262.78134,1586.0161,109.15147,-574.73706,1601.7483,124.32569,-939.5787,1691.928
1,18768,62.672676,-89.80565,1612.4932,186.27277,251.3276,1649.9996,69.582275,85.11745,1601.0283,-43.908318,91.43142,1628.7937,-167.7054,-52.54592,1673.3947,-66.55923,-218.62158,1455.0538,183.07288,78.803474,1573.263,233.51254,-112.67234,1597.0734,155.74585,-398.36673,1413.4824,62.64461,-89.78612,1612.4446,-14.083275,-260.80695,1640.9349,-22.831127,-569.07776,1678.0867,-21.829212,-918.10486,1753.889,125.49716,-268.57242,1606.7867,113.707886,-568.11816,1605.3882,127.36361,-927.7175,1695.8768
1,18809,65.20781,-93.86208,1618.0637,178.82237,245.91064,1633.5612,69.912155,80.451454,1601.21,-47.62898,84.8177,1613.502,-166.38774,-83.52124,1649.3125,-58.16324,-262.64108,1444.8623,187.4533,76.085205,1588.918,231.32344,-113.968506,1596.2063,151.98453,-409.5057,1423.0154,65.1978,-93.84615,1618.0417,-14.519275,-265.35767,1642.717,-52.8517,-560.42444,1677.3726,-21.136889,-918.9369,1759.0746,135.48616,-270.92987,1627.03,115.50904,-563.0945,1606.9374,129.06577,-920.1992,1701.133
1,18850,66.21193,-100.772644,1623.2677,169.32947,247.76222,1616.8727,72.1794,74.597336,1598.7506,-46.74148,79.84362,1607.3138,-164.07701,-99.97553,1638.0145,-57.096703,-310.19925,1440.2206,191.10027,69.35105,1590.1874,226.3567,-122.43401,1595.035,149.90907,-421.46918,1428.5327,66.20797,-100.74559,1623.2473,-16.379162,-272.70856,1653.261,-49.14062,-585.48584,1699.9219,-22.922491,-918.79333,1762.2294,136.85225,-279.46848,1642.227,120.42608,-567.08936,1619.4861,130.12994,-924.63135,1709.58
1,18890,67.11081,-109.403824,1623.6655,161.44662,242.47273,1600.2583,75.655815,64.88721,1593.2932,-42.833496,71.567726,1598.2723,-158.56119,-113.32551,1624.0442,-58.85327,-359.3666,1431.7006,194.14513,58.206688,1588.3141,219.79086,-146.76443,1568.7858,123.017235,-510.97702,1399.7812,67.107285,-109.37001,1623.6638,-17.970634,-279.31244,1657.2502,-34.14248,-581.75,1688.1393,-24.892319,-909.4816,1766.4878,135.08813,-287.94202,1650.8186,132.54674,-588.84296,1632.8658,139.6342,-931.9977,1721.3096
1,18925,71.97553,-151.04128,1599.7307,133.73546,194.62486,1512.7173,82.511444,28.261505,1572.8241,-34.410473,31.777603,1550.4453,-110.85646,-199.77766,1498.7888,-60.852528,-474.60498,1385.7653,199.43336,24.745407,1595.2029,219.92456,-193.00797,1571.6235,134.96765,-486.5172,1462.2155,71.95651,-150.8785,1599.8242,-16.489391,-327.67615,1611.916,-56.881577,-567.05304,1668.887,-42.57007,-874.0497,1772.3402,139.29254,-332.36084,1641.7327,135.631,-621.1198,1620.466,142.33195,-965.3633,1716.8287
1,18970,71.656136,-177.02705,1591.5356,132.48782,186.15031,1511.1041,83.879295,-1.1413879,1552.7394,-31.235535,1.6154327,1528.9856,-98.07452,-219.17155,1480.912,-70.73998,-482.7318,1384.3615,198.99414,-3.8982086,1576.4932,212.59746,-222.6589,1584.155,130.07365,-505.3449,1473.383,71.65732,-176.92491,1591.568,-11.340942,-351.01346,1615.792,-76.19407,-583.1949,1676.8542,-46.716858,-892.31177,1781.3071,130.21161,-354.4034,1645.0012,133.56421,-603.6254,1610.0535,141.67606,-947.26495,1712.7775
1,19006,80.46232,-202.60518,1581.6531,122.38542,164.69865,1493.3896,86.70079,-23.56601,1540.3184,-26.19846,-25.541656,1514.6564,-87.86988,-229.3302,1472.5916,-68.90158,-493.861,1384.2365,199.60005,-21.590363,1565.9803,204.11522,-237.7945,1567.1023,130.85248,-518.503,1485.168,80.427925,-202.50485,1581.6918,7.5058484,-382.61,1607.9159,-75.783226,-616.3581,1690.0421,-36.128773,-900.9204,1783.3259,140.80426,-380.2774,1638.2145,130.55824,-626.63245,1582.7795,139.52449,-937.7206,1715.2428
1,19050,84.1774,-227.47992,1572.9861,113.57417,131.07571,1479.8011,88.94525,-57.982788,1528.725,-23.463835,-59.535248,1510.6511,-79.00909,-253.25703,1472.7622,-66.06152,-511.30823,1392.6099,201.35434,-56.43033,1546.7988,206.01752,-241.2845,1553.1123,138.94513,-514.14923,1494.7412,84.16275,-227.38235,1573.0201,10.747564,-397.7298,1606.28,-110.11574,-625.0073,1669.2577,-29.582352,-901.83624,1781.573,148.01294,-395.83405,1628.3506,127.70521,-727.6091,1549.4581,137.56718,-1027.2065,1683.8088
1,19090,88.231384,-254.0218,1567.9894,107.47988,108.38411,1470.3673,92.96556,-85.547195,1523.8723,-24.020872,-84.78023,1514.2078,-72.2822,-282.63562,1480.0686,-64.097664,-530.2577,1408.3922,209.952,-86.31416,1533.5369,212.17607,-265.60028,1546.4865,145.54346,-513.15216,1496.3445,88.2155,-253.91772,1568.009,12.636793,-421.8239,1606.2944,-138.72511,-711.5091,1703.4509,-49.092194,-1012.9247,1796.2424,154.29408,-422.75262,1617.9971,119.254196,-647.83673,1554.1438,140.14609,-916.8323,1706.5273
1,19126,89.443474,-284.37033,1566.5377,100.00143,86.27313,1459.7168,91.16123,-117.23546,1517.4493,-26.414505,-117.76344,1511.5278,-61.766857,-313.403,1463.8534,-63.348152,-541.6494,1414.7979,208.73697,-116.70747,1523.3708,207.87016,-269.12228,1542.2958,154.45062,-520.6603,1501.8282,89.438675,-284.25137,1566.5435,18.40744,-451.57855,1612.147,-145.63083,-729.18494,1721.6262,-57.717796,-1035.6532,1796.1895,157.02478,-450.95605,1619.1282,96.63237,-776.36487,1538.9944,119.34002,-1066.6232,1688.8131
1,19166,91.807045,-309.8153,1550.8711,93.11194,64.61426,1446.734,87.25771,-142.34247,1503.1902,-29.29738,-151.43881,1482.3843,-55.81656,-356.2216,1468.7745,-49.08926,-551.8206,1417.3217,203.81279,-133.24612,1523.9961,194.50903,-295.5202,1559.2306,121.88128,-331.00372,1376.0356,91.79779,-309.71545,1550.9324,30.085917,-482.25897,1586.8481,-134.59796,-742.4933,1730.6542,-66.00495,-1050.3787,1816.1466,162.58983,-471.9179,1610.501,82.89782,-794.01025,1536.8223,98.3005,-1091.2552,1671.7871
1,19207,84.122925,-321.09784,1535.6643,90.61926,55.633972,1439.3064,82.51425,-148.35854,1501.5378,-31.72597,-151.83266,1489.4639,-58.755814,-364.7851,1482.1864,-42.636253,-557.82635,1433.2487,196.75447,-144.88441,1513.6118,199.26788,-295.87744,1550.485,130.77863,-331.09436,1365.183,84.15291,-321.05338,1535.7239,30.381899,-495.43323,1564.0537,-114.69087,-755.5691,1726.7543,-58.187847,-1063.5596,1818.6636,141.20123,-492.06317,1575.7661,83.858,-826.5326,1570.2739,100.810905,-1121.066,1709.7753
1,19249,82.89569,-324.93478,1530.1587,91.81259,57.46022,1439.0139,81.51509,-148.77232,1502.3934,-32.79552,-150.96532,1494.1913,-65.92766,-358.09628,1492.4739,-38.88331,-548.1112,1442.2296,195.8257,-146.57933,1510.5956,205.42513,-297.08643,1547.294,125.35576,-314.3234,1376.6182,82.900604,-324.91962,1530.1805,25.904245,-502.18695,1553.7786,-96.71462,-768.66235,1724.2852,-49.83583,-1076.2958,1822.2452,142.66798,-499.9469,1562.1567,82.53763,-831.8236,1599.0238,99.91142,-1131.009,1727.936
1,19290,82.9077,-305.30713,1529.8743,94.39406,64.922195,1443.0448,77.385315,-121.88008,1505.4596,-38.11789,-126.23543,1498.8503,-61.917282,-332.18167,1501.4441,-31.007488,-548.67114,1446.0134,192.88852,-117.524734,1512.0688,217.69397,-290.28827,1553.2197,121.64191,-319.61832,1372.2317,82.90767,-305.3837,1529.8755,19.623268,-491.48187,1550.3541,-72.675285,-777.54675,1707.2433,-36.586655,-1083.015,1815.3157,157.23677,-486.2928,1558.2286,76.338646,-803.8482,1645.2941,98.026,-1116.3636,1735.6079
1,19326,86.27695,-214.67207,1574.134,120.09614,154.45976,1493.296,85.25122,-55.045364,1534.8335,-25.703974,-51.692245,1551.4147,-80.27082,-262.98376,1570.5996,-27.706379,-502.69055,1466.3175,196.2064,-58.398483,1518.2523,232.20987,-230.75044,1553.2428,168.13005,-463.6681,1478.3463,86.26379,-215.02641,1573.9612,33.23582,-373.37433,1621.1647,-52.326756,-698.75024,1655.7974,-1.0689468,-1005.1813,1751.8833,141.3169,-376.6406,1605.0131,125.94075,-713.88293,1625.5317,133.19553,-1028.3333,1708.1647
1,19370,87.16038,-206.94846,1580.6224,123.07739,160.7476,1494.5398,87.928894,-43.645767,1537.3402,-25.378906,-41.823166,1542.2,-79.19859,-253.48248,1557.7876,-13.614105,-475.53406,1449.9565,201.2367,-45.46837,1532.4805,237.78426,-219.54085,1565.5585,159.21767,-482.2398,1468.576,87.156876,-206.98001,1580.5964,28.673649,-369.38596,1626.3279,-76.35156,-689.7482,1652.5935,-8.612518,-995.58484,1739.774,144.09607,-371.24255,1621.3774,140.47775,-709.37115,1618.5265,140.0838,-1024.5819,1698.3204
1,19409,80.20893,-182.53555,1585.5911,133.0352,181.63332,1516.8578,80.230286,-12.76181,1536.8525,-33.650433,-10.225739,1545.7086,-82.15079,-232.28325,1552.8278,-6.3451767,-424.5855,1447.8175,194.11101,-15.297882,1527.9965,244.54759,-197.6803,1566.0795,162.07642,-469.1968,1464.8505,80.23607,-182.63104,1585.5714,12.524721,-350.99225,1639.5564,-48.687668,-640.7529,1652.4069,14.752235,-972.6405,1743.1179,147.95898,-354.0083,1629.0242,144.36916,-692.1025,1619.2676,146.96706,-1008.0585,1696.3964
1,19450,76.74963,-163.95668,1588.1516,141.60147,194.98827,1533.3022,76.84264,10.0142975,1543.3738,-39.770836,12.862122,1554.2385,-94.52463,-205.51633,1567.9393,-0.5489578,-394.32364,1449.619,193.45613,7.1664734,1532.509,245.86806,-173.42473,1570.8251,164.31334,-446.8783,1464.7948,76.76325,-164.02963,1588.1415,5.5742793,-336.33698,1639.5343,-48.274143,-624.2921,1659.0052,18.498829,-962.4651,1748.7501,147.79344,-339.81012,1626.284,153.01247,-677.2235,1597.0967,151.74948,-990.68945,1685.4652
1,19488,75.368256,-134.20276,1598.8209,157.2662,222.22597,1559.152,77.27718,45.47336,1568.5063,-40.170994,48.60283,1579.7076,-121.15083,-132.40161,1635.0919,-14.556465,-317.00494,1443.6085,194.72537,42.343887,1557.305,245.13077,-159.98091,1568.0911,162.1463,-436.28326,1449.6555,75.3737,-134.31927,1598.7792,1.1562241,-312.18506,1635.9487,-50.453747,-626.83923,1658.7112,17.000301,-962.7717,1751.7496,145.78421,-316.03876,1622.1553,153.74762,-605.5185,1602.952,154.61966,-952.3873,1701.1759
1,19525,73.757965,-114.98665,1603.96,167.44511,236.76486,1574.19,76.96219,64.22392,1580.7373,-38.616947,68.10215,1594.7747,-130.08394,-114.56075,1651.2922,-20.60888,-262.74017,1453.0052,192.54134,60.345695,1566.7,243.15506,-129.70407,1566.3918,180.78104,-340.93298,1476.408,73.764275,-115.062164,1603.9397,-0.46752453,-291.96472,1635.7693,-46.280113,-617.33167,1660.3091,11.898071,-955.9185,1752.9026,141.60023,-296.73178,1618.5149,144.90326,-592.6232,1607.9937,154.29674,-947.9484,1705.9579
1,19566,79.00434,-63.57081,1612.4917,178.66815,246.17935,1590.1008,86.587494,121.83562,1610.2354,-33.66371,126.81499,1614.6729,-152.79947,18.213669,1723.6342,-57.538925,-116.5858,1499.4305,206.8387,116.85624,1605.7979,261.69705,-50.233788,1623.7263,213.30658,-265.2468,1488.9156,78.98387,-63.771946,1612.4583,-0.2876196,-246.41188,1617.3258,-38.4266,-583.3647,1626.1631,-4.444397,-897.39886,1707.5039,143.04811,-252.34714,1612.0365,167.22319,-550.3633,1628.0554,160.43193,-945.8301,1720.4886
1,19608,80.156006,-51.019478,1601.8213,193.2355,250.73262,1607.6776,89.50102,127.17377,1598.254,-27.43923,133.66768,1616.0303,-151.84422,14.067696,1719.3705,-61.80658,-90.44613,1492.8585,206.44127,120.679855,1580.4778,261.2603,-42.193863,1633.6685,212.4101,-261.1584,1488.094,80.15143,-51.06929,1601.8628,0.5181637,-225.40936,1616.1555,-31.080034,-530.6543,1623.1693,4.6934643,-939.65,1732.752,141.0855,-233.21533,1594.7876,173.72044,-550.9392,1635.0118,169.25453,-942.6227,1717.2288
1,19650,77.62989,-51.288334,1595.6924,200.80063,252.05885,1618.7283,86.47355,120.43341,1588.3079,-22.988285,127.2146,1614.967,-152.59517,9.669693,1715.7566,-67.34884,-82.22803,1494.9725,195.93536,113.65222,1561.6487,250.67339,-8.545891,1638.9329,211.21436,-248.71262,1493.2422,77.63974,-51.287476,1595.7164,0.34131908,-218.76697,1619.7994,-32.989525,-532.33875,1644.7643,4.450039,-934.7594,1740.9031,137.27055,-227.24976,1586.4506,181.97337,-570.03,1614.7845,179.61864,-938.9684,1711.2273
1,19691,79.14119,-52.69789,1595.5134,209.08263,251.85297,1628.316,90.2119,117.18404,1585.7646,-17.213966,126.03764,1617.9824,-151.43079,25.113548,1718.181,-71.12635,-66.9582,1496.1339,197.63776,108.33043,1553.5469,235.2773,-21.433228,1625.642,207.94559,-240.55751,1498.9437,79.13532,-52.69238,1595.5142,1.6465454,-217.09537,1625.1812,-31.962265,-530.34436,1647.961,8.049301,-922.71234,1748.9863,134.47095,-228.04222,1585.3462,181.98152,-559.49316,1611.1755,187.54056,-934.19116,1708.694
1,19726,78.82573,-67.4911,1595.782,213.87958,250.91064,1633.913,93.24,103.091705,1586.1753,-13.272038,114.07701,1621.3738,-153.59258,23.689865,1722.1232,-71.697586,-84.49556,1501.1726,199.75204,92.1064,1550.9768,234.03992,-53.865326,1600.2329,157.04106,-337.9789,1403.6465,78.82694,-67.43329,1595.7809,-1.7925138,-231.12997,1627.2654,-35.688248,-541.89825,1642.3593,4.9483185,-931.3859,1749.0398,130.62029,-244.78659,1583.5076,180.43631,-549.5513,1584.8969,199.78033,-914.25244,1708.0795
1,19766,77.6087,-69.356255,1596.0085,217.39975,248.77608,1636.4431,93.81639,105.50928,1585.9344,-10.716721,117.28386,1622.1831,-152.61522,29.397263,1719.0316,-72.64485,-89.91505,1504.9325,198.3495,93.734695,1549.6858,234.87079,-76.91388,1585.5709,116.69525,-418.06412,1344.9944,77.613464,-69.34874,1596.0076,-5.301071,-236.69238,1629.2141,-37.13064,-545.24,1642.0177,3.5115852,-931.34766,1752.8552,128.12215,-251.72113,1582.9473,183.69125,-552.0031,1569.4402,208.46622,-904.4363,1706.6072
1,19812,77.14276,-72.59442,1594.9573,219.1838,247.10649,1635.9028,93.32448,101.292816,1585.4388,-11.778305,113.06053,1621.7267,-153.6259,16.944351,1716.1417,-62.16696,-110.8357,1503.8263,198.42725,89.5251,1549.151,229.64812,-105.66098,1550.4545,114.41358,-429.4119,1315.4504,77.1446,-72.58174,1594.9614,-7.513405,-238.78922,1628.1268,-38.59526,-548.8319,1643.6182,-6.4722404,-930.6139,1753.823,129.44284,-254.12338,1580.8412,186.85638,-548.8524,1576.4214,211.22388,-898.13684,1698.9612
1,19852,78.00253,-74.97348,1593.1846,218.2043,246.61798,1633.2261,94.18535,98.82035,1584.6648,-13.255184,110.57682,1620.3218,-155.36253,11.055229,1715.3177,-69.03981,-125.34739,1493.8225,201.62587,87.06388,1549.0078,224.52946,-123.22735,1527.5219,125.93145,-395.03052,1343.3008,77.99918,-74.964134,1593.1917,-7.7877464,-241.13269,1624.8174,-39.59429,-551.18274,1643.4773,-11.075317,-929.88,1746.3846,131.41379,-256.36456,1578.6196,187.4567,-548.41144,1579.145,212.76874,-893.667,1694.8467
1,19887,79.32997,-75.15949,1592.5215,217.76355,247.1863,1632.3582,95.32757,99.3089,1583.4878,-13.394226,111.07908,1618.1993,-157.04645,9.721687,1712.5282,-66.35456,-145.8027,1485.0992,204.04936,87.53872,1548.7762,222.06761,-132.12167,1522.754,122.27985,-410.83194,1338.2083,79.324776,-75.15872,1592.524,-6.971031,-242.01645,1624.0027,-39.584366,-552.9967,1645.2197,-12.217619,-927.5775,1746.9681,133.615,-257.23624,1579.1179,184.96744,-595.59454,1571.3982,212.85457,-902.3954,1687.3201
1,19925,79.91171,-74.279816,1592.6296,215.50427,251.77608,1624.9276,95.1858,100.93227,1581.6921,-14.086615,112.56419,1615.4128,-163.66449,2.2818756,1695.9235,-51.127716,-147.45802,1477.7467,204.4582,89.30034,1547.9714,224.14351,-134.27106,1526.2664,122.66427,-420.7897,1342.5046,79.90942,-74.28325,1592.6293,-6.343485,-241.94339,1625.4692,-36.621513,-554.9641,1651.1547,-12.699362,-929.053,1751.3756,135.60954,-257.05414,1581.6636,182.64624,-596.0272,1568.5479,213.61298,-902.3902,1685.2585
1,19970,78.12351,-84.139206,1592.9176,195.207,254.55173,1577.2041,92.07139,89.80207,1564.826,-18.990643,102.55528,1588.6603,-162.52605,-56.226044,1629.9105,-60.046494,-202.81963,1444.2373,203.1334,77.04886,1540.9918,224.35109,-142.46324,1525.9403,124.227745,-444.8233,1354.0732,78.130486,-84.100716,1592.9165,-10.032376,-249.48062,1636.9352,-32.854134,-545.0326,1646.8058,-10.685352,-915.7643,1744.7112,138.41154,-266.52637,1605.0787,177.58278,-578.23376,1579.6302,209.02513,-910.19275,1708.4296
1,20006,79.889244,-90.693085,1593.9816,189.55164,248.21956,1556.1458,93.149956,84.72183,1555.8611,-23.515156,96.543655,1569.6493,-167.76987,-67.516785,1606.6345,-61.38878,-242.02681,1421.4159,209.81506,72.90001,1542.0729,234.98686,-142.5951,1538.966,162.172,-383.091,1408.0005,79.88238,-90.66734,1593.9773,-8.519551,-258.44305,1640.9734,-28.986298,-552.62854,1658.2294,-10.252686,-912.44904,1750.0994,141.74915,-273.66998,1623.2136,193.47806,-612.38,1613.7755,207.55072,-927.98865,1707.6836
1,20050,82.47537,-103.06634,1594.1578,186.78313,236.90541,1537.2991,95.73738,68.84563,1547.4392,-24.37775,80.82324,1557.3782,-163.17459,-93.66553,1575.5999,-71.051895,-295.17108,1400.5686,215.85252,56.86801,1537.5002,237.47078,-139.6538,1545.3756,165.01926,-388.2173,1427.9995,82.46524,-103.017914,1594.1571,-8.219929,-267.162,1647.2806,-37.05434,-554.86975,1646.323,-13.395805,-914.1974,1763.5789,146.60612,-282.6009,1634.4694,203.86845,-601.84576,1615.6382,193.88815,-915.0644,1709.9133
1,20088,85.82626,-113.50313,1589.0105,174.08875,218.04576,1507.4292,100.70181,53.708557,1535.9727,-19.44519,66.99823,1544.13,-156.261,-116.505325,1539.1936,-85.02855,-348.62476,1382.4421,220.84882,40.418884,1527.8153,245.59352,-172.84175,1522.6478,117.28401,-549.40955,1351.808,85.81313,-113.46217,1589.0306,-6.348961,-272.08557,1647.3351,-33.77675,-555.77094,1652.7996,-14.466923,-914.11316,1766.9978,148.19788,-289.18024,1636.8422,207.85437,-624.99567,1604.7662,192.40968,-939.7312,1700.7283
1,20125,87.27376,-137.0036,1572.4312,162.55328,200.11755,1475.7086,103.32971,27.20642,1515.7612,-15.273775,38.249916,1514.1302,-143.4785,-151.52826,1501.8683,-65.81575,-438.46716,1346.5431,221.9332,16.162933,1517.3922,250.26718,-197.34773,1519.3562,145.44263,-486.9378,1415.303,87.26805,-136.91164,1572.496,0.22188759,-294.42014,1628.2545,-38.744972,-582.8244,1657.7004,-6.6973,-909.7031,1770.728,142.1909,-307.63925,1630.2069,176.5606,-646.9394,1598.3718,184.36458,-958.48505,1704.8928
1,20167,86.08063,-159.91595,1562.0167,153.4428,184.94733,1458.1769,103.535995,4.1999207,1504.2134,-15.289038,13.543793,1494.8616,-125.69125,-190.53719,1481.8662,-85.87885,-460.2732,1342.4034,222.36104,-5.1439514,1513.5652,249.95003,-215.73447,1526.5597,147.52148,-500.54718,1431.035,86.085266,-159.8261,1562.0576,-2.695673,-318.24304,1614.288,-46.39572,-587.62756,1660.4647,-0.6336937,-902.2036,1776.9121,139.96474,-329.46118,1625.5157,163.45016,-669.13776,1590.0736,184.18007,-981.8773,1690.6273
1,20209,102.999886,-249.70026,1511.3297,119.89166,90.91777,1390.9889,100.366234,-114.547806,1436.9265,-8.485309,-96.50223,1473.2805,-74.97003,-287.86462,1487.7977,-80.83104,-484.0806,1392.203,209.21777,-132.59337,1400.5725,239.89317,-319.1875,1445.6965,82.45888,-214.14136,1274.8419,102.933815,-249.34918,1511.5278,-1.7555892,-366.36932,1621.9506,24.601116,-702.2572,1562.3425,-15.487679,-963.3506,1758.4535,212.75838,-401.93176,1550.3077,197.45117,-739.8805,1499.0753,198.6045,-987.42084,1715.7751
1,20250,105.766014,-255.39128,1518.2583,117.15076,71.081604,1384.4525,103.032875,-117.44592,1438.5005,-2.3194895,-96.4301,1478.4509,-64.93201,-288.3403,1486.214,-64.75265,-495.9556,1399.8619,208.38524,-138.46175,1398.55,218.95035,-334.5067,1438.3488,89.84973,-219.10356,1276.401,105.75495,-255.36766,1518.2322,0.40469456,-371.73102,1638.9457,18.718346,-705.8991,1570.2551,-18.597862,-978.24817,1750.1151,216.54936,-414.84778,1556.982,198.95905,-748.54724,1485.8672,199.77338,-997.9244,1699.7048
1,20288,102.046906,-270.60742,1519.2535,112.619484,60.437683,1378.1711,102.79764,-126.20174,1451.6613,-2.049894,-107.21692,1491.0643,-54.37726,-301.31656,1491.5386,-56.645454,-515.60315,1415.3092,207.64519,-145.18654,1412.2582,214.73404,-329.24527,1404.4124,158.33437,-82.08911,1368.9402,102.06139,-270.54788,1519.2496,-11.56885,-394.45224,1629.265,-6.902055,-732.1847,1577.9124,-24.932156,-1025.3682,1724.9991,214.21913,-435.33582,1544.411,208.25421,-770.50964,1478.494,206.43974,-1017.36206,1695.2352
1,20329,99.91794,-289.03452,1494.5017,105.35186,49.418747,1369.1138,100.879715,-136.84724,1449.833,7.2686896,-119.11482,1508.095,-37.171455,-313.56244,1505.458,-44.656338,-518.51685,1437.1489,194.49072,-154.57967,1391.571,197.42368,-326.30035,1381.5576,139.73447,-116.87456,1336.4336,99.92631,-288.9623,1494.5984,-33.16203,-416.0475,1621.6023,-61.550102,-755.9345,1601.7773,-54.25236,-1059.0917,1728.1046,231.10785,-466.10724,1457.1252,233.55968,-784.8919,1579.9763,231.27153,-1044.87,1780.7805
1,20369,93.08403,-192.3782,1562.4563,98.75885,42.03183,1366.2994,87.801056,-128.4331,1442.9924,2.100943,-87.75002,1468.7634,-44.043438,-282.641,1468.7468,-44.168774,-498.86267,1411.0221,173.50116,-169.11621,1417.2214,109.08373,-352.27188,1349.6771,176.49118,-484.66498,1450.8771,93.110756,-192.7555,1562.1913,51.712456,-234.9049,1695.4358,-28.195198,-529.95996,1656.0233,-55.558163,-916.8008,1719.7998,145.12846,-279.25085,1667.3445,200.46451,-588.4539,1536.6956,225.46747,-886.8303,1668.4242
1,20410,88.36444,-187.16328,1561.8895,97.53822,43.034515,1367.9176,81.258255,-123.3156,1440.8577,0.74451923,-83.716,1466.494,-46.004295,-278.23383,1468.8887,-37.313587,-498.2827,1420.4021,161.77199,-162.91519,1415.2213,108.34415,-346.8827,1351.5231,177.88908,-469.79214,1462.4758,88.38298,-187.18513,1561.8907,50.37449,-228.8565,1697.2947,-11.278908,-507.17905,1671.1158,-53.387814,-905.7318,1726.2343,140.64093,-273.25284,1668.553,179.34636,-545.5829,1545.9066,227.14642,-932.1751,1698.9019
1,20449,104.667435,-238.28983,1528.9,98.27048,49.344437,1371.9043,78.314804,-121.47197,1444.0858,30.5531,-81.43237,1513.8379,-13.106972,-280.72827,1517.9856,7.7301483,-502.2157,1471.7869,126.07651,-161.51157,1374.3337,81.65787,-345.74194,1307.9103,143.54022,-475.36273,1408.5593,104.60382,-238.0902,1529.0289,38.33403,-277.1145,1749.1466,-24.397388,-561.3085,1729.7122,-60.301987,-945.1946,1775.5258,223.45164,-432.3023,1478.7975,184.81744,-403.2965,1648.2769,234.16724,-857.3072,1646.0834
1,20488,108.67552,-229.85635,1545.6709,97.92882,70.538025,1387.89,79.5397,-118.08626,1455.9067,20.51858,-79.44917,1523.2252,-26.902712,-284.2897,1556.7516,14.870909,-503.66214,1482.315,138.56082,-156.72334,1388.5883,140.71213,-297.53613,1424.8021,131.4529,-550.6085,1382.5135,108.65962,-229.88852,1545.6058,38.15522,-276.47357,1748.9347,-36.24289,-607.24023,1728.8123,-64.19098,-931.35486,1757.3258,237.40385,-406.90796,1521.6752,148.47975,-682.55475,1699.039,212.82957,-1002.6926,1702.9395
1,20526,84.851395,-231.14072,1545.7476,104.913,108.65724,1415.485,75.96937,-82.248276,1474.037,-16.96319,-64.81473,1521.8645,-53.533478,-303.15546,1526.1041,2.3342552,-529.8368,1455.5977,168.90192,-99.68182,1426.2095,172.95915,-268.8021,1454.2291,163.56873,-490.98755,1411.8176,84.9444,-231.13582,1545.747,-23.994452,-357.9035,1678.141,-26.113659,-636.4961,1608.8445,-29.539268,-949.8339,1731.7972,211.83331,-402.14325,1556.7728,113.15007,-690.68713,1705.479,186.43135,-1008.4828,1713.2899
1,20569,80.5701,-221.06714,1557.5803,111.55766,139.35754,1441.919,75.06927,-68.8006,1480.9661,-25.381794,-50.5607,1524.4872,-63.456577,-273.8316,1541.245,15.325741,-498.30624,1443.0192,175.52034,-87.0405,1437.445,188.23592,-267.89313,1473.6968,154.226,-514.6998,1414.8973,80.58719,-221.10648,1557.534,-15.451297,-354.97174,1678.102,-13.241379,-694.07385,1681.5991,-22.752066,-1015.2405,1737.2076,187.6615,-391.85297,1590.102,137.23315,-721.8685,1649.7178,187.492,-1040.4939,1697.4948
1,20612,79.36154,-144.41367,1580.7817,133.7384,229.08478,1506.7422,74.76392,23.045288,1531.2367,-42.368732,28.024918,1559.0294,-107.01453,-151.0235,1594.8297,-9.234932,-359.31177,1445.3848,191.89658,18.065659,1503.444,242.12447,-165.424,1554.6354,175.27228,-448.26636,1452.0024,79.36633,-144.71324,1580.6909,1.4168348,-308.96228,1649.7327,1.0017692,-645.98474,1681.799,-3.318119,-967.3834,1733.2769,166.52066,-315.98126,1610.5576,163.57585,-532.5111,1543.2417,171.44943,-925.86646,1663.5519
1,20650,77.6478,-138.95747,1580.4119,136.10623,232.13454,1516.7137,74.55278,31.395065,1541.3981,-45.369713,35.447647,1568.6294,-110.63007,-156.01604,1586.8566,-4.9956284,-319.89575,1438.0635,194.47527,27.342484,1514.1667,236.0163,-159.06404,1531.6517,176.45305,-428.61072,1451.087,77.65451,-138.97995,1580.413,1.7019417,-306.68347,1637.379,0.2667681,-641.415,1685.8694,-1.1955972,-962.7634,1735.8788,159.81053,-312.0265,1601.4767,161.44986,-531.0664,1541.6693,168.66895,-914.17804,1657.6265
1,20689,75.76397,-132.96863,1585.9181,138.35307,240.27338,1534.6993,72.85623,40.73227,1554.4191,-50.95934,43.620453,1581.8256,-126.58995,-135.90552,1595.3928,-2.5065155,-274.19513,1441.8544,196.67178,37.844086,1527.0126,230.48436,-155.99814,1516.4039,171.77286,-437.10703,1436.2471,75.771355,-132.99211,1585.8965,0.42251158,-304.89087,1634.6976,-3.047232,-639.6261,1683.0588,-1.6582875,-961.01685,1732.7977,156.95045,-308.5421,1600.0502,156.73056,-530.37866,1542.1523,168.97807,-902.43884,1658.7048
1,20725,73.63806,-118.76213,1593.6616,142.63763,249.43745,1551.8529,70.25838,63.245743,1571.3878,-57.219604,63.776024,1595.1449,-140.87012,-97.8502,1624.1539,-13.820061,-212.51108,1447.5823,197.73636,62.71546,1547.6307,228.65103,-136.95059,1532.0579,166.17844,-453.06702,1420.3981,73.64639,-118.81772,1593.6313,-2.8869612,-300.5487,1630.7693,-6.2485065,-664.6247,1682.3124,-6.325205,-934.9546,1728.6003,156.95578,-301.21362,1600.9805,149.84357,-530.984,1546.834,171.02989,-887.837,1661.1075
1,20767,71.39595,-91.698105,1590.6727,154.49991,260.58514,1591.5917,72.64557,93.460304,1576.9751,-42.18503,96.75999,1611.1729,-168.47113,-3.8879623,1674.2402,-39.049698,-107.95199,1451.3995,187.47618,90.16062,1542.7773,202.35951,-112.27395,1505.1201,162.85477,-451.8199,1398.4868,71.40474,-91.80404,1590.6844,-1.3266395,-275.0141,1625.6844,-8.076481,-644.2054,1678.8756,-6.841854,-932.4675,1727.3958,141.65446,-279.12268,1583.1031,135.32935,-551.704,1569.0388,172.016,-893.66394,1664.7157
1,20809,71.44467,-79.27914,1593.8591,163.32086,262.38986,1609.5079,76.89509,106.209816,1585.2747,-37.044144,111.19323,1620.6901,-170.62285,-3.0105438,1677.416,-51.25708,-73.505264,1454.9558,190.83432,101.2264,1549.8593,191.95177,-100.15725,1502.4347,163.16774,-443.55124,1390.4146,71.44452,-79.32807,1593.8467,-1.4130459,-261.91776,1623.3706,-10.734457,-631.7416,1674.7161,-10.505502,-925.21277,1723.66,133.40096,-267.81418,1581.4668,145.84798,-540.32806,1601.0149,172.98538,-894.0923,1666.6923
1,20850,70.429565,-72.29597,1595.1018,168.9379,260.25516,1620.8796,77.35425,114.29977,1587.5791,-34.138393,119.844315,1622.5802,-174.92776,10.25782,1687.0853,-63.96505,-38.93992,1472.5553,188.84688,108.75522,1552.578,193.47658,-93.926254,1540.8649,161.77818,-441.24292,1380.4354,70.433525,-72.32343,1595.0969,-1.1448874,-255.7312,1622.9128,-13.1615925,-619.04065,1671.1614,-14.411756,-916.97125,1722.176,128.1705,-262.16208,1582.3167,148.65524,-598.5,1605.5582,172.4235,-917.55176,1661.3901
1,20889,70.148476,-69.723434,1594.4718,175.56183,256.0548,1631.6582,77.5134,117.00098,1588.8229,-31.839794,122.39127,1624.4424,-179.18434,32.02379,1697.842,-72.57754,-19.887146,1487.9962,186.8666,111.61068,1553.2034,203.90388,-91.01629,1562.51,154.07315,-478.54092,1347.8994,70.14959,-69.7336,1594.4742,-2.1297407,-253.26831,1621.2705,-14.572389,-608.5089,1668.9753,-19.631962,-911.13043,1724.6582,127.7013,-259.66803,1578.9807,154.13722,-595.32733,1607.9926,170.72284,-915.9186,1658.3674
1,20929,69.213974,-70.586754,1591.2603,176.43947,256.42807,1635.3696,77.77165,117.41132,1589.2625,-31.240938,122.72687,1622.489,-181.1191,58.526794,1702.991,-73.81857,-11.462975,1500.631,186.78424,112.09578,1556.0359,221.3384,-92.0094,1582.5608,187.71123,-333.2588,1447.9988,69.21763,-70.58341,1591.2728,-5.75482,-255.33954,1613.5272,-11.585789,-594.5743,1672.025,-22.487862,-902.63464,1733.3737,127.08202,-261.81677,1573.0392,146.35095,-528.05396,1575.2144,162.96835,-899.6466,1651.7434
1,20967,70.418724,-71.12144,1593.3074,180.67163,255.01932,1645.4137,78.08694,116.74691,1592.912,-31.482002,121.29398,1627.829,-176.74118,77.57686,1713.9778,16.29132,-15.593933,1524.1107,187.65588,112.19984,1557.995,232.45612,-97.95289,1594.6866,147.32434,-447.8613,1358.4973,70.41403,-71.11935,1593.2994,-3.7504582,-256.22623,1614.8761,-8.374405,-483.88745,1615.1191,-19.498028,-895.7151,1734.5984,129.2327,-261.745,1572.4977,133.6376,-535.7424,1549.4012,159.93204,-892.6521,1655.407
1,21009,69.40895,-61.32689,1606.1897,183.7474,254.8859,1652.2107,80.28857,122.93521,1619.1459,-30.678581,126.09203,1667.2018,-164.86539,60.672295,1670.7284,-80.815094,-15.01992,1492.6575,191.25572,119.7784,1571.09,233.02309,-88.62956,1598.4944,153.66705,-444.44196,1372.094,69.41288,-61.36514,1606.1394,-10.397553,-243.70442,1622.9861,-32.232086,-529.1728,1625.4833,-20.302288,-910.305,1735.9436,127.47194,-247.62656,1563.2798,135.83806,-528.3694,1556.9629,156.29532,-878.5368,1649.6903
1,21050,74.03974,-61.39245,1610.801,186.00244,255.37413,1655.3635,88.31183,126.23291,1629.1771,-27.45375,130.98676,1670.623,-167.5504,68.46129,1687.0201,-80.5771,-10.883507,1485.35,204.07741,121.479065,1587.7312,234.8172,-89.19737,1593.9525,146.75046,-453.64813,1364.3667,74.02167,-61.392345,1610.7828,-8.229089,-246.22684,1616.7195,-26.877369,-529.01965,1637.6199,-22.644152,-906.26843,1732.701,127.69211,-251.80836,1568.0576,134.6539,-531.9055,1560.0149,158.43091,-883.7076,1661.7456
1,21091,71.97258,-63.097267,1605.9468,188.76944,255.79134,1656.8799,84.62348,122.97165,1618.1875,-27.75161,127.99646,1657.9382,-168.8205,68.95804,1695.0215,-70.14838,-19.957703,1492.0168,196.99858,117.94684,1578.4368,237.07959,-90.85527,1590.0852,139.37823,-459.34393,1360.2778,71.98058,-63.090607,1605.9658,-8.436263,-246.12238,1617.718,-26.30486,-528.0344,1638.0647,-24.73658,-906.296,1733.307,127.11163,-252.18335,1569.7703,139.06895,-534.10956,1570.7574,159.12709,-886.7151,1669.6924
1,21125,77.03971,-62.999676,1615.2305,190.93132,255.49844,1658.4886,94.71539,117.73247,1632.7761,-24.461634,126.781296,1659.7054,-169.04799,68.343185,1704.2067,-70.686485,-40.767822,1488.7264,213.89241,108.68363,1605.8468,236.47375,-92.617805,1580.074,179.89229,-321.89224,1464.6207,77.01995,-63.00003,1615.1942,-11.701994,-238.33966,1613.6615,-29.477482,-531.4387,1630.3899,-29.28221,-906.07184,1725.9867,130.35101,-249.1254,1581.5631,143.85954,-530.5939,1585.385,161.60316,-884.1219,1683.1213
1,21166,78.74194,-59.953865,1618.1616,191.9331,255.06873,1655.7518,94.8114,121.27798,1627.9828,-24.839321,130.62735,1651.2734,-175.00824,40.889153,1682.41,-68.23751,-85.30011,1473.8181,214.46211,111.928604,1604.6921,238.82329,-96.46416,1585.1544,158.35773,-402.2567,1430.9534,78.735214,-59.965767,1618.15,-10.759487,-235.47267,1622.6085,-28.709707,-537.7449,1642.407,-20.871504,-906.0708,1729.6593,136.07755,-246.94635,1594.026,148.97063,-511.00284,1542.2041,159.48459,-872.2687,1661.4645
1,21209,79.44366,-53.904686,1621.0785,192.9653,253.74165,1652.7803,93.373146,124.6884,1624.6676,-25.661522,133.49414,1648.4327,-187.34604,22.499947,1660.6471,-72.22501,-117.298485,1460.048,212.4078,115.88265,1600.9025,243.57477,-99.481575,1599.4254,131.42422,-470.44226,1392.7863,79.44089,-53.928364,1621.067,-10.925124,-226.89084,1632.7263,-31.891853,-545.5397,1646.4202,-20.719414,-909.6664,1729.6033,141.94238,-238.1994,1602.2065,164.61833,-570.56885,1542.7838,162.8701,-883.557,1631.7257
1,21250,78.04103,-53.3476,1616.1357,195.82341,248.84383,1638.6647,88.57237,123.1154,1612.5826,-35.30501,130.81018,1627.683,-184.4738,0.99565125,1645.1224,-74.48995,-156.44696,1449.0781,212.44977,115.420616,1597.4823,249.8675,-93.89089,1611.1615,132.48074,-490.64905,1407.7487,78.0465,-53.349873,1616.155,-10.67699,-224.95781,1629.2595,-32.834854,-542.9287,1654.5737,-26.461235,-900.4851,1731.3154,145.71823,-234.67247,1610.1953,155.48578,-522.26715,1561.003,156.75267,-859.1935,1645.2362
1,21289,75.270325,-60.882397,1607.5433,190.96057,244.07605,1620.6552,86.29637,117.09245,1600.3031,-41.46962,125.18915,1604.8953,-187.36418,-22.138138,1621.3417,-77.98701,-209.25948,1432.2196,214.06235,108.99575,1595.7109,251.08177,-105.47468,1604.9252,164.46384,-423.72183,1469.2118,75.281166,-60.85297,1607.577,-14.159561,-233.82846,1617.6698,-32.165535,-536.2087,1654.1249,-24.143316,-889.41364,1732.816,142.6915,-243.76831,1612.0321,150.46548,-560.6473,1577.2098,154.33899,-869.12213,1647.4681
1,21327,76.07531,-78.80597,1600.6191,181.97577,238.5015,1602.2461,89.48437,91.031265,1589.7,-39.070118,101.15562,1589.2056,-179.29865,-48.103172,1593.7509,-86.66579,-268.11325,1422.0742,218.03886,80.90691,1590.1943,262.37048,-123.921165,1597.2983,168.24785,-420.60287,1484.0072,76.072205,-78.73584,1600.6464,-16.12955,-242.29785,1611.2898,-33.08171,-530.7489,1654.3722,-20.230171,-887.8673,1737.16,141.44962,-254.70804,1611.8958,149.89099,-580.651,1588.5476,154.7876,-881.00977,1655.9764
1,21368,77.55939,-101.05191,1595.9636,166.5936,219.52179,1562.96,93.733025,63.161102,1576.5815,-32.76496,74.43117,1566.4294,-165.89246,-77.938354,1570.4896,-95.79232,-316.43835,1411.4072,220.23102,51.891037,1586.7339,260.50983,-148.92065,1589.036,138.04126,-508.939,1461.6005,77.55358,-100.96472,1595.982,-16.805244,-258.1253,1609.1082,-26.673466,-561.32166,1665.2285,-16.020813,-885.70996,1738.2104,139.55353,-272.0558,1621.657,173.95332,-592.31104,1611.8165,159.6915,-893.7501,1667.0039
1,21409,73.09375,-215.64062,1579.125,132.74907,134.89851,1473.1128,84.37158,-49.46039,1520.6049,-42.8842,-49.81192,1495.1514,-140.64789,-242.5287,1486.4514,-84.41327,-487.73895,1383.9916,211.62735,-49.108856,1546.0583,241.97879,-251.91354,1572.2147,129.50555,-605.3486,1465.3132,73.11117,-215.19267,1579.1908,-6.59256,-381.114,1624.0868,-57.1497,-711.0493,1681.9186,-37.186974,-1026.2073,1761.7748,130.29407,-380.7359,1651.4667,172.43909,-716.8624,1650.6974,169.71497,-1041.9998,1670.1484
1,21450,77.47455,-229.82985,1577.3544,131.683,125.13808,1468.7416,93.39106,-74.77084,1515.9802,-33.016174,-70.12065,1494.9098,-127.675415,-263.54437,1481.7655,-102.383835,-485.88953,1392.7734,219.7983,-79.421036,1537.0507,246.24258,-256.13422,1568.4272,152.98497,-533.5939,1511.5978,77.457504,-229.77269,1577.3615,-5.6733923,-382.30252,1627.5417,-29.357784,-715.0688,1686.3933,-29.673891,-1030.9354,1765.9436,128.7213,-387.24655,1649.9436,162.4063,-723.8112,1631.3047,162.14844,-1045.9866,1679.2953
1,21489,77.89297,-249.13562,1580.0784,127.36203,94.68265,1454.0914,94.8883,-97.301025,1510.3505,-27.345291,-92.86519,1490.2058,-100.721886,-290.6233,1482.3274,-100.2988,-504.39386,1398.2697,217.12189,-101.73686,1530.4951,251.96913,-256.41266,1559.1113,151.4838,-535.74725,1531.1554,77.891266,-249.05998,1580.0677,-2.1445618,-398.53125,1639.396,-25.96696,-735.7573,1661.0505,-33.24171,-1042.6086,1770.0892,123.93302,-403.10663,1660.1741,206.34238,-729.3793,1621.2799,152.92609,-1047.1143,1669.1475
1,21526,81.702545,-272.92578,1573.4464,122.85039,75.062164,1442.8827,95.794304,-121.41989,1503.5029,-15.762983,-129.17679,1464.2258,-76.614685,-305.6988,1466.0723,-73.95213,-522.823,1391.977,207.3516,-113.662994,1542.78,250.05203,-269.5418,1563.56,108.284,-402.98035,1450.9194,81.68765,-272.83258,1573.4723,-0.92212105,-429.00848,1619.3231,-7.683286,-760.9166,1686.4958,-52.883827,-1061.083,1804.4917,136.0841,-419.48206,1667.5602,208.43442,-746.7321,1618.634,163.33916,-1066.5369,1660.5541
1,21568,100.40053,-363.7494,1517.7173,117.22119,33.20439,1422.657,98.849266,-163.58824,1503.0627,-21.056097,-164.64775,1500.7461,-60.001884,-345.00452,1486.3651,-57.64019,-535.5255,1446.7339,218.75462,-162.52873,1505.3794,204.3393,-372.37897,1652.9403,168.68846,-129.80078,1448.9949,100.32743,-363.39426,1517.935,32.099976,-563.8162,1531.4606,-33.53698,-344.43912,1481.9719,-31.002441,-905.6094,1723.1348,171.51122,-562.58435,1534.1542,136.36862,-881.5492,1642.5044,131.71805,-1169.8634,1793.8723
1,21606,99.61104,-371.1046,1520.363,112.680664,15.0728,1417.0504,98.21817,-178.49773,1503.7456,-17.650873,-179.3167,1503.9863,-56.608604,-358.237,1489.7832,-52.964355,-538.3533,1453.5558,214.08722,-177.67876,1503.5049,220.60297,-348.14697,1638.6713,153.17105,-307.89087,1406.0249,99.61383,-371.0745,1520.3535,34.706978,-564.1199,1537.0991,-172.14862,-333.5875,1674.1353,-158.25383,-644.51917,1769.9861,167.31201,-563.1826,1536.8237,141.20256,-881.781,1648.7465,144.16989,-1172.0344,1796.4053
1,21649,100.22979,-363.6454,1516.7448,113.6847,16.888992,1418.3284,98.20814,-175.6773,1501.0673,-13.992029,-177.39355,1494.9438,-63.481255,-353.85706,1495.1108,-51.54502,-545.89716,1459.0348,210.4083,-173.96106,1507.1907,222.0268,-333.297,1616.3204,141.46541,-308.71387,1404.1511,100.22739,-363.6744,1516.7588,41.392273,-552.60236,1529.1292,-129.60619,-764.00323,1731.1346,-106.57566,-1069.2288,1842.435,163.10101,-550.74066,1535.7715,146.85896,-868.53,1651.8882,147.28104,-1167.7142,1780.6106
1,21689,99.01141,-349.31744,1518.5205,114.90852,20.484802,1422.4973,94.63566,-168.95807,1500.1803,-16.481108,-172.48376,1492.0344,-62.44056,-357.82956,1493.2711,-41.42428,-547.37866,1459.8008,205.75243,-165.43237,1508.3262,222.05789,-314.97513,1608.0735,113.30562,-284.27185,1403.7495,99.01617,-349.37354,1518.5135,39.29423,-531.82294,1532.1475,-102.491165,-756.6534,1742.1122,-85.36412,-1066.9763,1839.5142,167.49911,-527.75507,1541.5461,138.253,-851.02435,1638.3895,148.90334,-1148.9048,1769.6704
1,21726,95.36451,-327.95325,1533.2036,119.95657,37.34912,1441.253,94.05649,-145.1131,1522.1569,-14.660402,-146.26996,1515.9818,-64.04369,-336.7375,1516.2759,-44.553368,-568.0199,1490.838,202.77338,-143.95624,1528.3319,203.3834,-232.98643,1531.3955,67.4756,-256.0637,1400.2336,95.37878,-328.03693,1533.1462,31.796427,-511.6514,1540.4491,-7.682104,-779.0334,1744.8105,-35.14738,-1097.2822,1808.971,161.60571,-510.2701,1547.8221,135.51157,-835.34973,1639.7872,150.96103,-1133.1348,1771.0828
1,21767,99.8255,-307.22852,1550.9583,128.85211,69.65425,1462.8125,96.26842,-130.32655,1529.729,-12.62141,-133.29488,1523.1173,-65.64047,-302.66507,1547.3766,-32.9944,-554.2328,1498.6783,205.15823,-127.35823,1536.3407,199.91364,-243.54454,1545.8071,52.7444,-218.10931,1404.9261,99.80813,-307.30978,1550.8887,29.413578,-486.30847,1567.5591,30.202656,-810.78394,1665.1824,-20.636913,-1115.3489,1769.1476,177.28212,-482.2776,1576.5376,131.06433,-813.8557,1628.8359,146.97778,-1109.5161,1764.7952
1,21811,75.15625,-174.76562,1625.0938,138.13135,184.61426,1532.7355,80.63527,-8.724243,1554.5372,-19.635445,9.166168,1589.2633,-63.066925,-237.76639,1582.9004,23.169342,-430.18695,1464.0739,180.90598,-26.614655,1519.8112,207.38019,-259.42456,1552.9424,92.6098,-191.09702,1349.5188,75.25255,-175.28337,1624.8038,-39.796616,-322.2757,1733.0504,-82.62657,-631.9768,1665.0736,-24.510124,-965.353,1705.1069,179.53627,-361.4093,1657.0905,149.68474,-557.51013,1606.9637,173.03226,-954.1586,1738.4454
1,21852,77.3781,-171.96425,1622.7814,141.01733,187.79779,1541.7886,80.98186,-0.71932983,1565.1586,-24.15745,12.5372925,1597.9628,-77.098526,-216.46872,1592.2028,21.133018,-376.0375,1457.5146,186.12115,-13.975952,1532.3544,230.29358,-219.11978,1580.1223,108.51611,-230.85478,1388.7633,77.3698,-171.9772,1622.7893,-24.18421,-330.88593,1710.9786,-74.2119,-627.50415,1676.9562,-19.454048,-959.2918,1727.0543,171.69968,-355.58423,1649.8615,139.13274,-589.4003,1605.5461,160.429,-952.31934,1733.4865
1,21889,76.35654,-154.14423,1629.5315,146.82632,198.04977,1558.9033,81.287346,20.900146,1581.1224,-29.162468,30.726807,1605.4414,-102.002,-184.77028,1604.3025,16.53292,-314.99506,1452.9257,191.73715,11.073486,1556.8035,241.29744,-190.38739,1597.4028,165.86105,-420.92456,1482.8799,76.3605,-154.21388,1629.5051,-12.053245,-321.90015,1696.27,-66.03928,-614.4928,1684.5559,-10.81749,-941.57166,1743.9952,154.92053,-336.75568,1659.5056,135.90742,-616.4028,1610.5505,149.01535,-959.24023,1730.7701
1,21927,78.37784,-137.9903,1630.5007,155.89745,213.35994,1576.5881,84.88791,42.173737,1591.3817,-30.929884,49.286224,1604.854,-120.91462,-136.11526,1619.3003,7.542778,-243.13947,1453.0024,200.7057,35.06125,1577.9094,248.65884,-167.20497,1599.9049,154.94763,-329.52454,1458.7299,78.36996,-138.05367,1630.4968,-5.5668354,-313.52667,1678.6176,-42.68895,-603.30225,1686.7823,-10.787201,-936.9562,1757.0504,149.27083,-323.03546,1660.6063,141.46048,-627.6707,1621.3627,148.43607,-959.406,1731.735
1,21973,78.86282,-112.5795,1643.1318,168.53255,240.74953,1615.0916,87.632126,68.10733,1618.9347,-29.430126,75.55885,1632.201,-160.06934,-36.628075,1661.436,-13.827927,-137.91797,1476.5719,204.69438,60.655807,1605.6683,246.88303,-143.5135,1590.6802,147.82387,-421.12823,1433.1075,78.8609,-112.679,1643.0825,-5.2331505,-288.67072,1675.7665,-24.20239,-574.6183,1717.778,-13.196372,-940.9745,1759.6042,145.41249,-298.25995,1658.6942,142.54733,-613.4424,1624.0656,152.2287,-942.2311,1749.6416
1,22013,79.23763,-89.32453,1651.5508,173.9057,251.53146,1634.5745,89.91648,93.97145,1634.7623,-23.612679,101.679985,1646.7655,-163.8208,-16.127449,1689.66,-20.276062,-82.717186,1480.5299,203.44563,86.26292,1622.7592,224.69717,-123.080025,1578.5007,136.91393,-429.70078,1411.5957,79.23616,-89.41576,1651.5177,-2.513358,-267.97742,1675.7871,-22.695599,-570.64465,1718.9178,-14.57442,-938.9889,1760.7527,139.62505,-277.6285,1660.759,144.68958,-581.9852,1631.2668,155.98824,-935.03735,1754.0585
1,22050,79.99018,-86.72573,1653.198,175.98872,254.87158,1644.9371,89.75816,93.60267,1631.2224,-21.546415,102.4272,1654.1575,-171.94907,6.9542007,1681.7223,-29.664078,-54.80067,1487.6451,201.06274,84.77814,1608.2874,212.24025,-140.48141,1559.8545,124.872055,-430.76364,1389.3168,79.987236,-86.73623,1653.1913,-1.3772526,-261.399,1689.9125,-44.724678,-515.8364,1603.4945,-16.22989,-940.7184,1766.3654,141.80986,-272.75125,1660.4078,156.06357,-563.37146,1623.1825,165.98352,-922.3508,1750.1342
1,22089,78.55283,-87.19454,1653.7283,180.35773,253.31589,1656.2257,88.76988,94.042206,1632.2878,-21.845875,103.44566,1659.0944,-201.74187,27.83432,1686.6267,-45.580017,-21.601608,1505.3635,199.38565,84.63875,1605.4813,201.7016,-149.2899,1548.638,117.34408,-430.448,1374.9641,78.55843,-87.19275,1653.7262,-4.2155037,-262.25916,1692.7493,-27.29068,-526.5693,1668.1711,-16.05317,-934.2168,1767.739,140.90945,-274.59625,1657.5798,169.93698,-567.86755,1617.2454,172.49815,-918.8704,1746.6753
1,22129,76.7144,-89.47865,1650.031,191.45187,250.24873,1673.2241,87.39714,92.061295,1630.8157,-23.24551,101.74503,1660.8071,-200.35611,52.527573,1724.6935,-52.856827,1.5064545,1515.9053,198.0398,82.377556,1600.8242,200.42743,-152.80573,1548.2977,109.11356,-427.27765,1362.1488,76.7216,-89.46973,1650.0454,-4.369526,-264.8378,1688.3624,-23.132418,-527.0314,1672.9285,-9.41541,-923.2322,1769.112,136.46165,-277.1637,1650.1879,166.46521,-612.79224,1616.4423,174.8028,-917.6378,1730.6038
1,22166,73.68887,-89.042274,1639.5723,196.18604,249.55212,1680.4417,81.18237,92.30111,1614.8496,-24.760763,102.37045,1656.5802,-195.62639,76.67813,1710.8378,-52.66185,8.718109,1519.5654,187.12552,82.231766,1573.119,206.35619,-144.93051,1558.764,106.24587,-422.9009,1361.4902,73.70072,-89.04394,1639.6132,-1.3718886,-263.9648,1691.0005,-19.35872,-527.6879,1678.0414,-6.18548,-916.89996,1774.4634,133.81003,-276.81317,1637.7529,162.44061,-613.53577,1613.0656,179.29825,-919.0657,1724.9438
1,22209,87.81523,-103.869736,1658.0321,198.0456,249.35281,1685.5817,108.55883,68.427925,1668.458,13.082258,75.66766,1738.8375,-201.33391,105.68951,1686.9368,-70.97917,37.068604,1502.1776,204.0354,61.188187,1598.0785,236.76445,-145.44977,1607.9398,127.90368,-417.8583,1389.4467,87.76009,-103.81182,1657.9603,10.436277,-271.7654,1689.1295,-13.415627,-533.849,1691.904,-6.538092,-917.9291,1791.0913,123.486435,-280.3377,1605.7958,151.17477,-617.7664,1592.1401,170.41801,-922.4972,1705.7988
1,22248,83.51138,-101.77533,1642.3468,198.67067,247.58496,1688.0212,99.24264,75.42378,1648.8375,-1.1634378,82.30794,1704.5037,-195.21388,96.594025,1689.3214,-65.21454,10.426834,1511.4478,199.64871,68.53963,1593.1714,231.4885,-124.18086,1612.0652,127.31855,-397.93384,1393.076,83.52798,-101.78328,1642.4077,7.0429506,-274.82373,1669.6696,-20.988663,-546.35187,1688.3263,-15.619324,-923.6574,1784.4958,128.58368,-283.15695,1602.2863,157.19405,-620.8628,1599.0461,178.05652,-926.0849,1711.3492
1,22289,80.05979,-98.54174,1635.6831,198.92525,247.6997,1689.3293,94.785484,81.952225,1638.0311,-8.632971,89.771034,1685.4784,-194.72107,91.47758,1696.2252,-50.379944,-14.432426,1522.6686,198.20393,74.133415,1590.5839,228.07076,-119.58485,1599.893,122.703545,-397.629,1386.2689,80.07334,-98.5544,1635.7094,0.2535534,-274.13864,1663.2582,-31.247082,-610.76917,1686.963,-28.712038,-926.79333,1766.5245,130.46884,-283.9834,1603.517,161.75818,-621.4263,1608.7714,182.87512,-928.3141,1716.3898
1,22326,75.58744,-91.10594,1623.1682,197.23769,248.59111,1685.5469,87.28577,94.71704,1613.5177,-20.452085,103.40624,1650.2664,-196.0672,77.70572,1702.5131,-64.72197,-9.74498,1502.5636,195.02362,86.02784,1576.769,227.5662,-108.35456,1584.9694,123.111084,-394.30438,1378.6492,75.604965,-91.13504,1623.2172,-4.77833,-271.44617,1656.3506,-30.835678,-559.8273,1677.1031,-29.666618,-934.0614,1770.5284,132.62666,-282.52808,1609.4827,167.2601,-619.62897,1615.6323,187.98329,-927.20874,1721.3348
1,22368,80.97573,-76.964035,1632.3687,189.33365,257.7308,1659.5853,94.55931,108.53522,1629.5375,-15.1435585,117.07335,1662.388,-201.98846,91.28184,1649.3119,-56.577713,-36.16166,1489.3087,204.26219,99.997086,1596.687,224.46434,-126.84671,1584.2898,122.58258,-432.09677,1378.5435,80.95475,-77.019394,1632.3329,-4.630703,-256.97177,1656.6829,-25.267069,-554.82526,1650.1104,-22.304876,-920.7971,1769.096,139.33107,-268.17624,1613.5737,194.56001,-546.5476,1549.9171,186.01869,-945.7738,1727.2795
1,22407,82.02693,-77.78775,1629.5624,186.9929,262.37683,1647.3733,98.33051,110.77748,1623.2977,-16.531128,121.52537,1647.7594,-206.62665,90.6176,1640.8177,-63.025543,-43.977463,1472.0806,213.19215,100.029594,1598.836,225.74754,-133.53946,1578.6311,129.14978,-438.81937,1386.37,82.02274,-77.784744,1629.5732,-6.8754883,-259.5545,1651.3081,-29.723896,-564.5709,1653.5586,-25.336277,-926.172,1766.0349,138.30544,-273.13943,1620.3894,173.27562,-558.4768,1600.428,181.6868,-932.4037,1726.979
1,22450,82.08551,-79.283615,1627.8328,185.07162,262.53152,1630.9167,99.263115,109.51127,1617.1323,-18.348536,121.26326,1635.6555,-214.83286,76.07845,1636.754,-66.67044,-78.06463,1466.4718,216.87476,97.75928,1598.6091,227.6993,-131.9344,1578.4658,116.96361,-482.9917,1357.8823,82.085266,-79.27776,1627.8396,-7.1696377,-260.86472,1649.8987,-32.45751,-572.1389,1656.7246,-24.210821,-924.73376,1764.3013,136.98448,-275.2689,1627.1951,164.8837,-573.016,1622.1376,181.13023,-930.1397,1733.0586
1,22489,81.56832,-83.138855,1621.9209,178.54105,256.46094,1610.7681,98.707664,102.551956,1608.5038,-20.732946,114.7581,1624.8348,-214.2527,31.28579,1619.3008,-76.92688,-128.6514,1450.3923,218.14828,90.34581,1592.1727,230.37148,-125.463196,1575.5914,118.83944,-502.56274,1373.6101,81.57034,-83.12378,1621.944,-7.150812,-261.48407,1645.1718,-32.94387,-577.4125,1657.8466,-21.981838,-925.25714,1764.7129,136.01685,-276.115,1625.5966,170.3949,-612.0383,1623.0146,183.00104,-919.569,1726.4358
1,22529,80.27612,-89.291565,1615.6987,175.26277,252.38701,1597.4583,98.10957,90.75876,1596.6704,-27.214672,104.23413,1606.7262,-206.02338,-9.842552,1591.1249,-80.75836,-215.38712,1409.2941,223.43384,77.28339,1586.6146,238.77621,-141.34828,1568.7145,126.15453,-509.29266,1388.9954,80.28118,-89.26747,1615.7231,-10.460232,-261.4538,1640.6262,-49.82242,-567.59607,1648.176,-25.020115,-926.2793,1761.1185,135.3658,-277.1336,1628.9255,169.79933,-600.65405,1627.4338,183.4158,-933.3136,1743.7882
1,22568,80.05947,-105.488754,1602.0309,168.39389,240.18744,1580.2684,97.49478,61.217278,1570.583,-31.337124,75.995445,1577.4578,-198.66199,-43.68857,1570.9084,-87.20652,-268.1367,1393.5286,226.32669,46.43911,1563.7083,246.08003,-162.10117,1558.3644,152.008,-463.46432,1427.3809,80.06035,-105.42539,1602.0842,-10.253536,-263.70813,1637.4744,-44.047466,-569.03687,1645.8413,-29.333872,-926.2776,1758.7404,135.50536,-280.42798,1629.6965,172.50572,-616.1569,1632.1035,184.15146,-921.87054,1741.1221
1,22611,77.92795,-186.4611,1576.4716,148.44965,159.6908,1481.76,99.47969,-14.323135,1538.0953,-23.343182,-5.3945465,1509.197,-161.0842,-175.7583,1434.4645,-80.05431,-413.23456,1324.0588,222.30257,-23.251724,1566.9937,244.11182,-229.29857,1576.8129,158.37381,-521.3236,1469.4406,77.93628,-186.14456,1576.5717,-22.054424,-352.26328,1596.5906,-67.384186,-625.4518,1669.2136,-35.787354,-886.1118,1780.5275,134.84016,-363.6687,1633.5054,153.3357,-700.7167,1628.121,177.76544,-1006.87787,1733.204
1,22651,80.03157,-201.92563,1573.4688,145.56161,150.39413,1477.2124,100.36109,-32.845673,1528.3479,-18.967545,-24.811813,1504.6621,-149.60028,-214.46272,1430.754,-99.47043,-456.64233,1326.6506,219.68973,-40.87953,1552.0337,244.23537,-245.52068,1577.6569,157.05655,-529.3845,1475.6501,80.023384,-201.864,1573.4807,-13.194725,-365.97562,1604.1473,-40.35537,-641.7486,1671.1888,-37.25229,-902.26416,1794.4789,132.56607,-375.78903,1633.0797,150.68192,-712.8356,1626.2727,168.15526,-1021.70605,1724.6083
1,22689,82.52702,-227.82802,1565.2585,140.47104,128.14835,1469.343,101.77667,-64.51329,1517.2644,-15.773848,-56.32202,1497.9618,-128.73154,-251.59567,1427.4899,-109.19932,-473.02643,1334.0966,219.3272,-72.70456,1536.567,240.48134,-268.91113,1568.2959,153.70715,-535.7384,1483.2821,82.51724,-227.7266,1565.2906,-4.2081623,-386.23865,1602.2385,-32.300182,-709.82745,1694.0762,-44.72106,-1001.2294,1836.4425,130.72379,-395.6411,1624.3953,181.91635,-728.6133,1645.4156,168.78235,-1044.7856,1717.5272
1,22725,90.902664,-262.47882,1553.3784,133.00888,88.803986,1452.0624,101.726295,-104.10768,1503.1375,-16.192291,-97.90712,1497.1912,-102.156586,-269.29898,1430.4436,-91.94602,-481.21887,1346.954,219.64488,-110.30824,1509.0837,253.33754,-295.94315,1543.9843,156.77007,-545.10156,1491.4175,90.86991,-262.34305,1553.4249,19.359535,-417.38904,1600.6538,-10.761053,-750.8495,1643.4314,-43.836205,-1014.7357,1829.4625,140.66751,-423.76782,1606.771,203.55432,-749.0475,1671.3577,168.7518,-1066.4949,1729.2661
1,22766,98.90636,-319.6341,1526.9009,124.49887,53.332596,1428.2654,100.370255,-142.57922,1480.6201,-19.395824,-142.60492,1476.6613,-72.195526,-320.43042,1443.3167,-48.94492,-519.4852,1386.3547,220.13632,-142.55353,1484.579,227.56604,-345.4151,1430.1982,148.61403,-344.7514,1474.0901,98.87496,-319.4103,1527.0045,32.89385,-496.25525,1571.2573,-13.932968,-816.33936,1667.176,-54.190746,-1088.2837,1839.4651,161.8655,-496.22754,1575.5205,113.052414,-820.9884,1498.0953,136.2567,-1040.844,1735.5464
1,22809,94.83267,-339.23883,1502.4409,120.50293,35.779877,1417.5938,87.225815,-164.40944,1465.9495,-22.657755,-166.42839,1479.1997,-60.77089,-346.60028,1448.015,-45.250446,-528.611,1406.327,197.10938,-162.39049,1452.6992,207.94002,-306.28326,1443.2356,146.06203,-392.95032,1396.4131,94.848465,-339.16138,1502.5369,36.051712,-515.13367,1547.1334,-17.974743,-823.619,1672.6919,-59.39835,-1103.6208,1831.2511,168.89052,-512.69293,1531.1151,107.54101,-844.4738,1528.9423,139.24237,-1073.8596,1756.1759
1,22849,86.88965,-341.11148,1489.8062,118.92461,29.506454,1415.3613,82.13666,-168.53386,1456.6432,-22.890587,-168.04689,1474.302,-57.63858,-350.38654,1456.4747,-42.192204,-526.55676,1415.4911,187.16391,-169.02083,1438.9844,199.27959,-281.12943,1462.1512,139.75899,-385.17322,1368.9025,86.92074,-341.10385,1489.8558,19.014175,-513.3368,1535.2903,-9.861662,-820.5884,1671.7076,-52.06263,-1108.408,1815.3633,164.39548,-514.01086,1510.8467,114.72467,-846.07947,1544.1671,145.04301,-1084.738,1761.8385
1,22889,81.479935,-337.61676,1487.7732,119.49157,32.06328,1418.892,77.44848,-162.1993,1456.9625,-24.35297,-161.19652,1476.0577,-62.767624,-345.99493,1479.1627,-32.63832,-531.7911,1421.235,179.24994,-163.20207,1437.8673,218.87366,-269.5987,1502.7098,125.21728,-369.36203,1348.698,81.50119,-337.63037,1487.7814,8.200039,-512.2995,1533.1097,-0.6000805,-801.5005,1706.6868,-41.88343,-1108.5613,1802.9377,162.90775,-513.8234,1504.0907,118.834984,-842.7983,1564.7275,147.58752,-1095.7412,1765.8444
1,22926,78.4015,-328.7507,1492.2734,120.58607,36.58104,1423.9231,71.94665,-148.00125,1465.6501,-31.09874,-148.50821,1487.2523,-65.400024,-343.70526,1491.0858,-19.647476,-529.7044,1424.8424,174.99202,-147.4943,1444.048,220.6955,-258.40234,1526.0614,95.020004,-284.34735,1390.0856,78.413605,-328.78537,1492.2559,6.2621617,-509.95627,1535.3429,2.4947789,-806.4275,1696.3328,-35.549206,-1114.2706,1791.3318,163.49898,-509.1827,1502.3802,109.241875,-834.6396,1572.815,140.19965,-1094.4816,1764.5525
1,22967,77.31627,-298.55157,1529.8652,124.422714,59.864258,1443.8787,70.03836,-120.36574,1489.3796,-38.876896,-126.99602,1479.7347,-72.73483,-333.48926,1472.3877,-2.2885208,-534.0292,1386.793,178.95361,-113.73546,1499.0245,221.30891,-250.95198,1568.4532,129.76111,-393.9977,1401.8698,77.32056,-298.66968,1529.7183,11.713306,-481.41083,1563.6022,4.667858,-778.8181,1722.7448,-25.51003,-1087.6907,1817.2255,157.4922,-472.53644,1576.5116,106.921875,-802.63184,1528.4835,142.43527,-1071.2561,1706.8633
1,23009,78.79871,-201.42188,1593.9834,141.9259,166.70663,1509.7457,78.49259,-19.613174,1561.9694,-45.95023,-15.455963,1586.9913,-99.62253,-203.03017,1587.8342,-11.916298,-420.5548,1435.569,202.9354,-23.770386,1536.9474,227.81557,-239.57927,1550.5809,151.66223,-507.99854,1445.5433,78.79294,-201.80174,1593.7324,6.601444,-381.5686,1640.0715,22.642147,-644.87646,1615.5259,-25.455479,-994.2473,1745.4663,151.58514,-386.41202,1610.9194,207.72551,-719.7149,1600.0363,170.41524,-1028.4309,1695.092
1,23050,80.71617,-187.07735,1596.1128,144.0064,172.15352,1518.1312,84.5862,-7.4864807,1561.9988,-34.54243,-0.5928345,1584.7671,-99.62732,-201.42319,1589.4932,-11.785088,-384.30643,1435.7089,203.71481,-14.380127,1539.2305,227.86226,-216.52104,1563.9558,152.28131,-478.08527,1443.3448,80.70866,-187.13487,1596.1035,6.366251,-362.70566,1643.6758,2.1874146,-638.4762,1602.1624,-23.079937,-969.3561,1747.0656,147.29599,-370.86087,1616.7407,162.64685,-706.8667,1580.9039,149.17365,-1013.77527,1687.7363
1,23091,75.42163,-159.1995,1599.664,150.47835,186.23334,1532.0736,81.267975,21.712326,1566.5419,-38.6396,30.323853,1592.5271,-100.2507,-173.37381,1613.0204,-13.555351,-334.936,1437.085,201.17555,13.1008,1540.5566,225.19493,-194.64072,1575.3524,149.59657,-474.07104,1427.2982,75.44228,-159.30862,1599.65,-6.8401895,-334.83862,1649.3271,-6.5522294,-634.897,1644.1956,-23.971596,-967.657,1754.1741,146.07336,-345.82056,1616.1892,164.9838,-682.1698,1585.0555,148.98315,-988.941,1692.0978
1,23126,74.75662,-141.96915,1601.8479,158.37045,206.15297,1545.3562,80.35042,37.99301,1569.2386,-37.776634,46.693405,1597.0255,-106.90726,-155.93896,1625.9169,-21.66066,-279.50018,1440.1675,198.47746,29.292618,1541.4518,230.18147,-170.60669,1581.1288,148.80324,-460.23083,1412.9958,74.7593,-142.03688,1601.8394,-5.750007,-316.54883,1652.063,-9.393635,-601.7593,1661.7039,-28.92059,-963.491,1759.5549,144.08638,-327.58472,1616.8171,162.98552,-664.22095,1586.2601,146.02606,-970.86096,1694.2052
1,23167,66.01192,-105.49832,1607.0659,170.50266,231.29053,1576.9543,67.28484,78.965546,1594.5164,-46.47328,82.64439,1637.4735,-140.40994,-59.678032,1691.4412,-48.74076,-175.40268,1456.8785,181.04297,75.286705,1551.5592,229.65858,93.8881,1694.2303,234.1695,-118.0841,1571.6455,66.04609,-105.64105,1607.0457,-7.118119,-287.92163,1646.7354,-10.155151,-601.79785,1669.1935,-27.094555,-955.8489,1767.1151,136.73279,-292.57367,1592.4146,161.27185,-622.93915,1585.0876,160.10828,-960.1742,1710.3862
1,23209,63.635036,-90.060074,1612.862,177.31242,241.86179,1598.2039,63.53845,95.58512,1605.8318,-47.85783,97.28471,1652.5582,-152.45883,-32.77475,1701.8358,-56.907364,-115.74596,1468.2639,174.93474,93.88553,1559.1053,206.35745,-5.430252,1631.1439,225.54189,-233.93735,1520.4677,63.644455,-90.12093,1612.8394,-7.0951414,-274.7461,1649.564,-11.635214,-594.7361,1672.6335,-29.705393,-947.67194,1763.1519,134.59605,-276.9079,1590.1299,162.02467,-621.1427,1586.9615,161.26071,-952.493,1711.7996
1,23250,66.30769,-90.643456,1617.1597,183.35886,245.29407,1618.8525,68.58357,90.7645,1608.9653,-39.65363,94.22431,1655.4546,-150.58275,-12.672668,1695.742,-61.708206,-69.84714,1483.6033,176.82077,87.304695,1562.4761,201.98932,-18.932076,1615.6212,132.68454,-413.50586,1338.0563,66.29729,-90.64141,1617.143,-7.729252,-269.75415,1656.1339,-15.667284,-586.546,1669.4269,-34.83219,-938.35925,1754.8888,135.75125,-274.3405,1594.5072,160.56624,-611.14545,1584.8589,165.4774,-948.20233,1719.1339
1,23289,68.53621,-90.279526,1615.9736,186.3483,246.3248,1629.7781,72.47906,89.620674,1605.7083,-33.37335,94.84174,1656.4386,-149.66385,0.40629578,1694.7576,-61.990692,-33.54617,1499.5625,178.33148,84.399605,1554.9779,211.52223,-56.10795,1602.5875,147.14833,-374.1357,1353.4496,68.527466,-90.28094,1615.9781,-5.908206,-266.706,1660.028,-17.676884,-577.8662,1672.1531,-36.808777,-930.16223,1753.6672,135.05994,-273.65912,1592.4681,165.28758,-610.68115,1598.2246,167.14023,-917.37885,1706.9589
1,23328,68.34071,-90.61583,1614.4829,189.49728,246.32495,1637.2153,73.097755,89.20507,1606.0471,-33.68551,94.57342,1660.2356,-153.43034,15.479942,1697.7709,-56.939323,-2.2303028,1525.7035,179.88101,83.83672,1551.8586,219.43462,-76.81336,1594.2217,145.8905,-373.7122,1333.8989,68.341446,-90.614525,1614.4888,-5.3168244,-266.97018,1657.8956,-17.26254,-565.1859,1687.3083,-37.36129,-923.5748,1756.8843,132.4871,-273.89804,1587.9652,164.25952,-610.96655,1603.2859,168.91023,-920.28503,1705.728
1,23367,68.12166,-90.436935,1612.6437,191.685,246.00887,1641.6385,74.47088,90.29265,1605.0045,-29.569061,96.260185,1659.6768,-162.13568,38.89565,1701.5559,-64.34068,11.612701,1543.2451,178.51082,84.32511,1550.3323,231.85374,-120.36446,1571.4309,150.6458,-374.89224,1327.0455,68.12252,-90.43762,1612.6508,-5.7626348,-267.2941,1655.7871,-10.226548,-573.3452,1638.2426,-35.004303,-921.1298,1755.152,129.31096,-275.0417,1584.8069,150.33653,-612.1033,1612.7909,168.54463,-924.65186,1703.0897
1,23409,66.88926,-90.42771,1610.8181,193.45395,247.19507,1648.6942,77.635506,91.614716,1608.119,-25.301613,98.453255,1659.5623,-27.320478,-119.37548,1708.6996,-93.44081,45.79,1560.7666,180.57262,84.77618,1556.6758,244.01476,-61.44541,1625.9879,205.95825,-262.41937,1471.0469,66.89407,-90.42775,1610.8252,-11.446212,-267.97934,1647.3142,-29.517223,-560.8411,1611.4523,-29.786648,-915.2444,1755.9418,123.75149,-276.9611,1579.7485,129.26363,-567.1007,1586.3665,163.57304,-935.3831,1714.2231
1,23447,68.44185,-88.90206,1611.7583,193.79512,248.43462,1652.381,80.517654,94.53543,1609.7708,-19.863403,101.708725,1661.7445,-55.311142,-31.736694,1762.3251,-84.32147,39.165688,1545.7323,180.89871,87.36214,1557.797,249.58725,-64.311325,1629.2992,194.47444,-299.19336,1437.9637,68.43581,-88.90802,1611.7545,-10.391557,-267.5818,1648.2968,-37.86426,-560.5532,1601.4648,-29.705107,-910.84125,1755.095,123.09947,-277.12115,1579.1798,136.51334,-572.60767,1591.74,164.67131,-933.35254,1716.1013
1,23490,69.94014,-86.71565,1612.2437,194.21115,250.07867,1655.6484,82.73824,96.82065,1611.3279,-17.291702,104.05113,1662.0371,-61.05653,-21.89862,1759.2499,-102.85043,32.09977,1550.0571,182.76819,89.590164,1560.6187,248.25555,-71.456985,1625.6185,187.88188,-320.5213,1425.2057,69.934265,-86.72421,1612.2417,-9.934189,-265.42145,1647.1532,-41.86779,-553.8193,1597.5944,-25.846266,-902.8834,1751.7831,124.19477,-275.1167,1579.1578,137.92883,-613.94055,1594.3253,158.55074,-923.1163,1696.857
1,23530,70.78997,-85.03601,1614.3613,193.95874,251.13223,1655.6241,83.898964,99.48012,1615.8123,-18.678778,106.39569,1663.0629,-159.81177,101.50117,1757.5844,-46.57126,20.702942,1535.2861,186.47672,92.564545,1568.5616,238.02954,-96.7966,1596.6835,152.91583,-416.71713,1346.4702,70.78663,-85.0426,1614.353,-10.599398,-264.96246,1644.3428,-63.666725,-534.2437,1614.9125,-28.894867,-895.9381,1750.1044,125.94798,-274.16818,1581.4448,135.85616,-613.3159,1599.5192,154.40923,-923.71545,1699.7402
1,23568,71.58279,-86.78311,1615.4645,192.84981,251.97263,1653.9456,84.29692,96.748795,1613.8845,-19.645428,104.34642,1659.8964,-179.18646,86.64325,1723.4333,-86.34028,-22.95832,1513.9336,188.23926,89.15117,1567.8727,245.84367,-78.60396,1615.5446,180.86679,-342.8006,1434.7977,71.57967,-86.77632,1615.4601,-9.9969225,-265.2682,1647.5175,-26.608814,-601.5323,1702.1334,-16.546139,-901.6788,1758.2454,127.72178,-275.3347,1586.5538,135.42773,-614.85205,1597.1622,149.39261,-925.4306,1697.5631
1,23606,69.344925,-88.38593,1612.9202,191.21878,252.80042,1650.0613,80.731125,95.16142,1609.125,-26.969448,102.75491,1653.371,-188.11195,71.696754,1711.7095,-64.95026,-52.620842,1510.373,188.4317,87.56793,1564.879,249.6912,-64.30612,1623.684,180.7873,-333.4331,1443.4006,69.35365,-88.37964,1612.93,-11.942393,-266.99106,1645.4594,-30.275879,-599.2118,1694.6761,-18.079817,-901.3631,1758.6906,127.894745,-276.85034,1588.0109,152.40755,-614.7405,1613.9594,147.88263,-929.3884,1701.7693
1,23650,69.73482,-93.308075,1613.3057,183.80553,256.4489,1636.4565,80.89534,91.79261,1604.1544,-33.772953,100.38877,1638.1512,-209.76437,48.349693,1698.3339,-73.93355,-106.92968,1489.0795,195.56364,83.19645,1570.1576,251.58514,-63.303444,1622.8538,174.14117,-341.79477,1443.8047,69.73333,-93.288826,1613.3042,-13.944019,-272.9341,1643.9534,-38.021484,-592.0211,1668.5424,-20.566853,-906.14136,1758.044,131.08664,-283.8064,1600.9546,168.11107,-621.04425,1617.5862,147.30634,-935.9513,1701.6877
1,23685,69.36661,-93.01178,1613.5742,175.34213,257.37714,1615.8754,80.0419,94.149666,1600.5186,-36.147194,102.73613,1628.6222,-212.92218,35.41285,1690.801,-83.31737,-154.43411,1463.4414,196.23099,85.5632,1572.4149,248.44037,-65.20714,1607.2482,172.23398,-348.99402,1451.8938,69.36804,-93.01287,1613.5731,-14.70179,-274.7514,1644.3805,-32.659573,-567.87683,1660.0605,-22.04246,-907.64734,1760.2112,132.09015,-285.59943,1608.8749,159.2059,-624.07764,1617.479,143.35715,-939.7709,1699.6918
1,23726,68.47036,-93.8846,1610.9131,164.20503,255.31108,1594.5083,78.42538,91.66913,1593.1714,-38.139175,100.1168,1616.1249,-207.7625,-9.620888,1666.8624,-87.00271,-212.69507,1442.3765,194.98994,83.22146,1570.2179,254.005,-71.78489,1610.8223,166.1348,-361.35242,1458.1002,68.47386,-93.881195,1610.9236,-15.075532,-274.09772,1643.1685,-36.858765,-566.9972,1659.1754,-21.819004,-905.8052,1761.8446,132.12022,-284.76532,1614.1831,155.55501,-591.0652,1613.1719,144.46083,-915.71716,1707.8809
1,23768,64.95801,-103.59711,1613.9266,153.29022,249.69754,1574.1436,76.62397,73.468376,1581.3715,-47.791763,82.370575,1585.2498,-193.84225,-86.61534,1621.0952,-80.66616,-275.75653,1406.8318,201.03972,64.56618,1577.4932,255.22925,-88.32889,1618.465,160.94403,-391.36188,1467.9857,64.97174,-103.55915,1613.9148,-17.277178,-275.53534,1648.6588,-43.966965,-570.2521,1634.1035,-20.619568,-903.34937,1767.6881,123.91619,-285.638,1644.2574,161.17575,-591.7024,1603.7537,155.41774,-911.1825,1710.1843
1,23806,64.9661,-128.19797,1600.5449,131.53516,225.73227,1531.7661,76.843666,43.281723,1564.2527,-47.196907,53.358192,1571.2316,-140.03902,-162.53302,1480.1637,-67.7656,-421.93716,1362.9171,200.88425,33.205246,1557.2738,254.1493,-137.91194,1585.6652,104.97052,-535.1088,1424.4927,64.966125,-128.1017,1600.5972,-18.817635,-293.6438,1640.9873,-48.004208,-585.38,1633.3733,-18.228281,-888.27515,1765.3508,124.994804,-305.32645,1632.896,162.8623,-636.28033,1563.2468,162.251,-940.4135,1683.9966
1,23852,67.21369,-153.11923,1586.455,122.83783,200.4352,1498.8019,82.539276,11.555328,1545.2529,-38.09259,24.158844,1550.6927,-129.14719,-186.30513,1479.4556,-88.776,-441.64972,1370.6575,203.17114,-1.0481873,1539.8131,240.71544,-181.35454,1565.6111,149.54405,-460.62958,1475.508,67.20491,-153.02151,1586.5103,-19.330307,-310.15936,1630.9784,-51.030945,-602.5812,1634.5485,-21.17362,-889.0772,1756.8005,123.071396,-325.03735,1624.5568,119.875656,-658.5138,1556.4575,151.74948,-954.0012,1693.5159
1,23893,68.2422,-171.1736,1579.5105,103.435875,170.87929,1479.822,84.78003,-5.6792145,1534.8783,-33.310207,6.318817,1535.5796,-118.02147,-201.75597,1475.6805,-94.110954,-458.89832,1373.2126,202.87029,-17.677246,1534.177,232.49368,-200.19344,1559.8041,151.22372,-469.86127,1488.0995,68.23815,-171.1027,1579.538,-14.412655,-329.8095,1624.5902,-54.36409,-667.64514,1635.7809,-25.486717,-967.66046,1763.3374,117.80519,-343.24292,1623.805,91.62154,-680.58215,1586.7794,146.03107,-980.16785,1706.7871
1,23927,70.10099,-199.3837,1563.7815,92.68694,152.75555,1466.01,82.28917,-29.961807,1521.9937,-31.631004,-20.269363,1528.0089,-102.288414,-223.10593,1472.0394,-90.288376,-476.7989,1378.6068,196.20935,-39.65425,1515.9784,227.68861,-222.60396,1544.5337,141.20575,-506.5171,1485.6627,70.09371,-199.27322,1563.843,-4.0921793,-363.31042,1608.9656,-13.578037,-703.38184,1619.3943,-29.19181,-993.56323,1769.9213,119.88868,-373.85886,1602.4192,89.658,-711.9121,1627.9823,148.2612,-1019.71985,1722.4674
1,23969,78.608986,-265.4426,1501.2501,53.09544,79.10043,1409.089,73.25609,-78.44591,1482.7699,-41.167168,-80.34697,1496.3185,-88.91655,-291.17517,1456.3175,-87.82294,-548.1993,1373.7535,187.67935,-76.544846,1469.2213,97.78034,12.575699,1353.4125,-4.6073,-47.55189,1370.2157,78.57572,-265.1841,1501.4946,22.747492,-452.93823,1527.4597,-308.5928,-526.13477,1551.867,-223.89307,-808.3441,1693.965,145.04321,-450.90637,1512.979,301.36322,-598.1118,1776.8624,231.16945,-914.7468,1734.1641
1,24007,87.1991,-259.30325,1501.5519,53.053272,69.812454,1406.9872,80.24645,-82.37927,1483.6936,-28.571672,-86.00232,1489.9554,-74.86212,-298.11206,1471.3597,-82.66905,-559.73883,1395.4856,189.06458,-78.75624,1477.4318,138.88556,-69.43271,1444.5625,192.72267,-231.37001,1439.6329,87.16541,-259.32623,1501.5516,24.566034,-438.58777,1523.41,-191.15454,-518.46204,1531.8413,-55.045517,-969.08386,1755.1304,163.6027,-433.95862,1515.4093,238.25208,-505.1215,1764.1462,192.99896,-865.7976,1677.8203
1,24050,64.40269,-256.61935,1508.2603,50.923748,55.677856,1403.4377,86.91826,-83.63367,1463.6311,-9.642191,-63.912476,1491.5702,-44.88922,-268.05414,1486.1575,-78.95492,-538.55084,1444.9796,183.47871,-103.35486,1435.692,175.77777,-239.53091,1533.4615,164.04927,-246.9831,1336.9869,64.49161,-256.6299,1508.234,-95.254166,-401.58057,1592.5692,-153.93251,-551.9292,1486.7671,-53.103546,-952.37024,1718.5757,179.38408,-457.67178,1513.1046,230.15512,-554.5995,1835.1036,202.35324,-876.81384,1786.7767
1,24085,65.4895,-260.59717,1508.7797,50.301025,49.295273,1401.0712,87.98021,-85.946625,1456.3225,-5.235317,-63.903137,1489.7363,-48.638607,-278.52478,1497.5542,-79.415436,-542.5897,1471.6876,181.19576,-107.99011,1422.9087,159.00772,-231.4957,1481.2018,124.328964,-276.93045,1351.4888,65.4856,-260.58167,1508.7775,-89.227005,-403.94995,1608.627,-163.96992,-553.77014,1482.5184,-69.79695,-943.2804,1709.7672,175.209,-466.48346,1513.8379,226.86577,-580.29016,1827.5007,211.08551,-903.9735,1807.9083
1,24127,67.29789,-262.68698,1506.7705,51.452103,50.033844,1401.6422,87.86308,-91.13466,1455.0314,-4.739292,-69.99843,1488.2847,-55.264706,-277.57477,1510.2233,-83.72683,-543.3163,1484.6665,180.46545,-112.27089,1421.7781,151.44946,-233.2203,1458.0032,88.42479,-266.12695,1334.9263,67.29081,-262.67877,1506.7783,-87.9984,-403.47412,1606.9019,-174.4183,-547.53845,1480.0707,-74.33247,-921.73895,1705.8116,181.43549,-464.97162,1510.1487,214.42694,-498.2821,1710.543,196.41916,-825.49805,1696.0566
1,24169,59.84221,-290.4629,1518.0242,54.715683,51.01445,1404.068,78.40897,-137.69305,1474.9645,-6.1257915,-118.371796,1507.1046,-44.47847,-270.6596,1507.9745,-64.56879,-503.3272,1473.9803,162.94374,-157.01431,1442.8243,136.19012,-282.4056,1482.8145,179.37688,-460.11838,1523.2576,59.871304,-290.35437,1517.9802,-97.9689,-411.1767,1613.9589,-38.6689,-644.8086,1634.4138,-60.01288,-914.1885,1700.4316,180.63617,-474.85468,1508.0331,219.59341,-559.45654,1832.3068,202.09541,-882.8115,1812.9083
1,24207,73.534256,-269.24475,1545.1792,83.48711,83.45743,1434.9523,78.00616,-113.51793,1499.7119,-28.28364,-113.07713,1490.6223,-77.359795,-291.54785,1514.8258,-157.71387,-628.03485,1534.3336,184.29596,-113.958725,1508.8015,239.23566,-261.2102,1603.9272,158.80424,-509.2365,1517.6312,73.48089,-269.3272,1545.073,-1.8151612,-424.84302,1584.382,33.970264,-754.6771,1633.1053,-43.495754,-1032.8557,1776.5542,139.72641,-425.43,1596.4862,191.76843,-714.9623,1757.4451,173.01617,-1036.7356,1748.956
1,24251,78.32785,-252.24997,1560.6357,113.79036,107.702896,1460.6597,85.21627,-92.56711,1515.9612,-22.548214,-87.602005,1517.055,-82.83967,-275.65347,1550.1858,-51.32968,-517.80145,1465.6376,192.98076,-97.532196,1514.8673,239.91492,-252.33298,1589.1378,166.41565,-483.13736,1510.7664,78.308914,-252.31668,1560.575,-2.6902113,-408.6526,1605.9408,29.3516,-742.37115,1613.0338,-27.209595,-1027.2822,1752.992,145.49332,-415.47992,1604.4366,184.79572,-717.7846,1744.123,172.08354,-1039.9617,1745.5933
1,24285,84.352585,-234.33394,1574.8235,130.5802,125.57503,1475.7722,89.363716,-67.393234,1532.9406,-22.162766,-63.351196,1535.6555,-86.86755,-256.1332,1573.2688,-45.592575,-465.25928,1475.9578,200.89021,-71.43527,1530.2256,246.8979,-237.05829,1603.7181,180.01248,-328.3848,1485.2864,84.32898,-234.4042,1574.7678,-1.9947438,-398.46902,1618.574,9.749842,-733.4369,1631.2856,-9.883329,-1039.0063,1732.5636,160.58322,-404.36133,1614.6162,177.56937,-717.28955,1734.1587,173.00563,-1039.4419,1748.7349
1,24331,88.06981,-195.89302,1587.7949,155.86531,158.84837,1502.5902,94.44892,-27.077179,1546.8455,-19.40797,-21.223907,1553.228,-105.71617,-209.49037,1599.2051,-47.648224,-396.4389,1481.2563,208.30582,-32.93045,1540.4629,250.37556,-225.97232,1614.0741,194.78226,-408.38672,1520.3201,88.0552,-196.04346,1587.744,5.39993,-361.0892,1632.9177,-15.939919,-692.46155,1676.226,8.482089,-1010.2743,1721.8014,157.92302,-368.93027,1624.3677,173.68063,-694.23724,1702.2502,174.0704,-1014.8073,1732.4684
1,24373,76.695915,-101.18506,1628.7194,211.46436,219.82278,1592.1415,79.58442,82.28928,1612.672,-33.550076,85.72739,1632.2039,-135.67554,-75.00557,1681.6902,-67.140274,-245.76048,1500.9069,192.71892,78.85118,1593.1401,269.0844,-140.54544,1636.8822,192.2673,-423.10922,1520.0714,76.74029,-101.555595,1628.5593,3.6215417,-283.26486,1656.579,-13.489899,-616.52386,1684.0956,9.391357,-935.64984,1719.9917,144.17076,-287.53607,1632.3143,172.95847,-631.77966,1653.0109,168.84865,-968.2289,1714.1582
1,24410,79.11453,-95.92816,1630.0115,217.50816,218.75082,1597.1249,85.32408,82.99654,1615.7703,-27.068743,88.700356,1638.3706,-136.14848,-52.238335,1709.6736,-68.087814,-201.41415,1504.7953,197.7169,77.29272,1593.1699,269.07013,-132.95523,1638.1831,196.56732,-408.43994,1518.4229,79.105255,-95.950134,1630.0059,2.965448,-271.3484,1658.3014,-13.427761,-633.2412,1684.5662,6.45072,-917.26056,1718.1967,142.80742,-278.44522,1630.1815,176.5491,-617.82477,1640.764,163.91983,-955.17456,1718.3262
1,24448,79.61972,-89.9857,1629.083,229.42665,217.9718,1606.9127,88.8371,86.092255,1615.4032,-22.490566,93.97223,1641.8075,-135.6109,-20.355919,1721.8604,-70.589325,-148.68082,1512.4138,200.16476,78.21228,1588.9989,267.91354,-129.0773,1634.752,196.18776,-402.44293,1510.7269,79.617714,-90.009,1629.0867,1.7234621,-261.24933,1659.0582,-15.881637,-627.9646,1684.0675,1.7487612,-916.7959,1719.5145,139.07318,-270.9712,1626.482,174.03473,-607.7239,1636.2126,160.53316,-947.14575,1719.7644
1,24487,83.19078,-84.66233,1627.8472,240.55579,217.86374,1620.9729,97.02787,93.04586,1616.5454,-8.8721285,103.20843,1646.5594,-137.55797,14.235512,1729.2129,-70.14929,-99.309715,1522.311,202.92787,82.88329,1586.5314,263.72952,-122.47161,1638.0597,198.039,-388.29028,1511.4899,83.17683,-84.68322,1627.852,1.259305,-255.88037,1658.45,-18.081455,-620.92444,1685.826,0.45891762,-914.9784,1723.4406,137.39226,-268.9442,1619.8674,173.00238,-608.6426,1629.4467,158.69092,-944.04895,1720.5917
1,24526,88.5684,-82.039825,1628.1024,249.99664,219.19424,1637.3907,107.97089,98.75036,1617.8344,6.698002,111.51759,1651.0713,-137.70691,26.732841,1736.241,-68.69003,-70.205345,1528.8677,209.24376,85.98312,1584.5974,262.53445,-116.70738,1640.5829,194.14745,-389.10425,1503.777,88.54734,-82.05015,1628.1014,0.5892372,-254.21066,1660.8611,-19.333767,-614.8038,1687.0312,0.1815052,-913.72266,1727.4929,137.65837,-271.49066,1615.876,164.61465,-604.48096,1630.5176,154.98854,-913.16266,1720.017
1,24568,93.804,-82.423004,1639.8365,261.28427,218.4155,1654.0262,117.234856,98.74088,1642.2866,7.4255695,112.49491,1675.7266,-132.14261,30.90158,1747.2626,-76.17931,-42.352448,1537.9742,227.04414,84.986855,1608.8467,264.31625,-106.831215,1637.5992,194.65103,-372.44208,1499.1637,93.78347,-82.42155,1639.7906,1.1223125,-254.91519,1658.371,-21.740181,-611.14294,1685.231,-4.156328,-913.39294,1735.0939,139.54185,-272.25275,1616.2184,163.52415,-605.6107,1627.2147,158.5328,-912.90875,1721.7145
